カテゴリ,タイトル,URL,本文
国内,1「関東連合」元メンバー山口哲哉容疑者（46）逮捕　カンボジア拠点の特殊詐欺グループの“トップ”か　見立真一容疑者について何らかの事情知っている可能性も含め捜査FNNプライムオンライン（フジテレビ系）4/8(火)17:46,https://news.yahoo.co.jp/articles/2597ee4f0d7a3e4142bb036a8703a7431133c0c8,"「関東連合」元メンバー・山口哲哉容疑者（46）を逮捕暴走族「関東連合」の元メンバーでカンボジアを拠点とした特殊詐欺グループのトップとみられる男が逮捕されました。【画像】日本料理店“オーナー”の顔も…逮捕された「関東連合」元メンバー山口哲哉容疑者（46）タイから移送され逮捕されたのは「関東連合」元メンバーの冨沢こと山口哲哉容疑者です。

山口容疑者は2022年9月、仲間と共謀し大阪市の女性に「医療費の還付金を受け取れる」などと嘘の電話をかけ、約30万円をだまし取った疑いが持たれています。

捜査関係者によりますと山口容疑者は、カンボジアを拠点とした特殊詐欺グループのトップとみられるほか、首都プノンペンにあった日本料理店の実質的な経営者で、特殊詐欺グループの拠点に弁当を配達していたとみられています。

山口哲哉容疑者は8日に記者とのやりとりで、詐欺には関与していたか問われ「本当にしていない」と話、詐欺グループの幹部という話には「幹部じゃない。弁当出してただけですよ」と答えていました。

カンボジアでは2022年以降、複数の特殊詐欺の拠点が摘発されていて、山口容疑者は先月、逃亡先のタイで拘束されていました。

警察は山口容疑者がカンボジアのほかベトナムでも主導的な立場で特殊詐欺に関わっていたとみて調べています。

また警察は、同じく関東連合の元メンバーで国際手配されている見立真一容疑者について、山口容疑者が何らかの事情を知っている可能性もあるとみて調べを進める方針です。フジテレビ社会部"
国内,2パチンコ動画を無断投稿、ユーチューバーら逮捕　著作権法違反容疑毎日新聞4/8(火)20:17,https://news.yahoo.co.jp/articles/b873c488212992a1124aef2194ce3ca3d3f33ead,"茨城県警本部＝水戸市で、韮澤琴音撮影オンラインカジノサイトでパチンコをする動画を無断で動画投稿サイトユーチューブに公開したとして、茨城県警は8日、著作権法違反（公衆送信権の侵害）容疑で動画配信者ら3人を逮捕した。

　逮捕されたのは岡山市北区平田の会社役員、古川若菜容疑者（29）、名古屋市千種区堀割町1の会社役員、成田拓真容疑者（33）、同区今池南の動画編集業、川原崎祐希容疑者（33）。

　逮捕容疑は2023年8～9月、海外のオンラインカジノサイト「K8」上で国内のパチンコメーカー2社のパチンコをする様子を撮影・編集してユーチューブに公開し、2社の著作権を侵害したとしている。県警は認否を明らかにしていない。

　県警によると、古川容疑者がユーチューバーとしてプレーし、成田容疑者と川原崎容疑者が編集や動画の投稿を担当。実際には換金しないデモマネーを使用しプレーしていたとみられる。【松室花実】"
国内,3退職代行「モームリ」代表、元従業員3人に対し訴訟　現在テレビに引っ張りだこ「名誉毀損にあたる」スポニチアネックス4/8(火)13:51,https://news.yahoo.co.jp/articles/bc80679a4e05eee96042e90137a71e19f4a9b29d,"退職代行モームリ公式X（@momuri0201）から退職代行サービス「モームリ」（東京・大田区）の谷本慎二代表が8日までに公式SNSを更新。元従業員3人に対し訴訟を起こすと発表した。

　新年度に入り「退職代行」が注目を集め、テレビ朝日「羽鳥慎一モーニングショー」などの情報番組に引っ張りだこの谷本氏。7日に「公表します。本当に、公表するか、訴訟を起こすか、最後の最後まで悩みましたが、メディアには遅かれ早かれ取り上げられると思ったのと、真実をお伝えしておきたいという気持ちから、ありのまま記載します」と報告した。

　内容について「実は半年以上前から元従業員数名による嫌がらせを会社と谷本に向けて受けていました」と明かし「そのグループの首謀者は3名(Aさん・Bさん・Cさん)です。退職代行という賛否ある業態で、さらに元従業員のことです。パワハラ・セクハラは本人の受け取り方次第なので、色々と言われていることは耳に入ってきてはいましたが、裏で言っていることは全て聞き流していました。また、悪口やデマを言われていたとしても本人達のプライバシーや今後のこともあるので、あえて我慢して公開や反論もしませんでした」と説明した。

　「もちろん元従業員からそのように思われているのは非常にお恥ずかしい話です」とした上で「しかし、そのグループのやり取りがエスカレートしていき、様々な憶測や作り話を自分たちから各所へ広めようとしていることからも今回決意しました」と、今回の決断に至った経緯を告白。

　「こちらにはやりとりの証拠のLINE、及び従業員の言質や録音、さらに従業員から証言をしてくれる約束も取っているので、本当に最後まで迷いましたがこの3名に対し訴訟を起こします」とした。

　「自分に対してのことはどうでも良いですが、今頑張って働いてくれている従業員の今後が危ぶまれることを平気でするのは許せません。詳細は弁護士に提出しており、これ以上の事は裁判で話すため控えますが、重要な事だけ反論しておきます」として、「（1）当社従業員が引き抜きをされている。→判明しているだけでも従業員8名以上に職業斡旋の話がありました。そこでも会社・社長のあること無いことを言われたという言質を取りました。また、マネージャークラスでの採用ですぐ昇格でき、今の給与よりも高い(実際はみなし残業30H込みのため自社と変わらない）などと、通常では考えづらい職業紹介でした。※Aさんから従業員数名へ送った証拠のLINEあり」「（2）社長から家に来ないか、関係を迫ってくるといったセクハラの話→Aさんから谷本に会議終わりや飲み会終わりに二人で飲みたいと誘いがありました。その後もAさんからのLINEはあちらからきましたが、こういったリークをされそうだと思い、その後は全て自分から1通2通で終わらせています。※自分は証拠のLINEのやり取りもそのままあります」「（3）（Bさんの子は）俺の子だよ→そもそも言ってないですし、さすがに気持ち悪くて言いたくもありません。社員全員にヒアリングしましたが、誰も聞いていない。Bさんと2人きりになったこともありません。そもそも産休中だったので首謀者Bさんとは面談時以外ほぼ話をしていません」「（4）Bさんが退職代行を使って辞めた話→元々退職は確定していたので、こういった話を広めたいためにわざと使ったと考えています。※退職確定の際は自分ともう一人いたので証言があります。またBさんはモームリでは無く転職支援の部署なので、モームリと関わりはありません」「（5）社長がパワハラ・セクハラをしているという話→もちろん自分としてはこういった業種に携わる以上、言動には細心の注意を払っています。なので事実無根です。ただ、本人の捉え方次第なので、絶対はありませんが、従業員とのプライベートのやり取りを控えたり、面談時は決して1対1にならないように2名以上で対応したりしています。パワハラなどの証拠が出ていないことや60名以上いる今の従業員がありのまま証言してくれると思っています」などと、7つの項目を記して主張。

　「最後になりますが、今回の件は代表として、元従業員が相手ということもあり、非常にお恥ずかしい話で多くの方や従業員を巻き込んでしまい、本当に申し訳ない気持ちでいっぱいです。ただ名誉毀損（きそん）や競業避止義務違反・不正競争防止法違反にあたるような内容の数々を、面白がって行う人々に対しては見過ごすべきでは無く、毅然と対応しなければならないと考えました」と意図を明かし「重ね重ねとなりますが、この内容に関して、ご心配とご迷惑をおかけして大変申し訳ございませんでした」と呼びかけた。

　株式会社「モームリ」は、退職の意思を代わりに会社へ伝えるサービス。労働環境改善組合と提携し、顧問弁護士監修が強みで退職相談5万件、退職確定件数は3万件を突破し「退職成功率100％継続中」を強みとしている。"
国内,4愛知県で最大震度3の地震　愛知県・豊田市、東海市、大府市、知多市、愛西市、愛知みよし市、東郷町、阿久比町TBS NEWS DIG Powered by JNN4/8(火)19:32,https://news.yahoo.co.jp/articles/8051aa1006c2ce7280fe95ab37ab5fe40814b74b,"TBS NEWS DIG Powered by JNN8日午後7時26分ごろ、愛知県で最大震度3を観測する地震がありました。

気象庁によりますと、震源地は愛知県西部で、震源の深さはおよそ40km、地震の規模を示すマグニチュードは4.6と推定されます。【詳細】各地の震度一覧・最新LIVEこの地震による津波の心配はありません。

最大震度3を観測したのは、愛知県の豊田市、東海市、大府市、知多市、愛西市、愛知みよし市、東郷町、それに阿久比町です。

【各地の震度詳細】

■震度3
□愛知県
豊田市　東海市　大府市
知多市　愛西市　愛知みよし市
東郷町　阿久比町

■震度2
□愛知県
名古屋千種区　名古屋東区　名古屋北区
名古屋西区　名古屋中村区　名古屋中区
名古屋昭和区　名古屋瑞穂区　名古屋熱田区
名古屋港区　名古屋守山区　名古屋緑区
名古屋名東区　名古屋天白区　岡崎市
一宮市　瀬戸市　半田市
愛知津島市　刈谷市　安城市
西尾市　常滑市　小牧市
稲沢市　知立市　尾張旭市
岩倉市　豊明市　日進市
清須市　北名古屋市　弥富市
あま市　長久手市　蟹江町
飛島村　東浦町　南知多町
愛知美浜町　豊橋市　豊川市
蒲郡市　新城市　田原市
豊根村

□長野県
飯田市　中川村　長野高森町
阿智村　平谷村　根羽村
下條村　売木村　天龍村
泰阜村　王滝村　木曽町

□岐阜県
中津川市　瑞浪市　恵那市
土岐市　岐阜市　大垣市
羽島市　各務原市　瑞穂市
海津市　岐南町　笠松町
養老町　輪之内町　大野町
岐阜池田町

□静岡県
浜松中央区　浜松浜名区　浜松天竜区
磐田市　袋井市　湖西市

□三重県
四日市市　桑名市　鈴鹿市
亀山市　いなべ市　木曽岬町
東員町　菰野町　三重朝日町
川越町　津市　松阪市
多気町　伊勢市　玉城町

□滋賀県
彦根市　米原市　豊郷町
多賀町　近江八幡市　甲賀市
東近江市

■震度1
□愛知県
名古屋中川区　春日井市　碧南市
豊山町　大口町　扶桑町
大治町　武豊町　幸田町
設楽町

□長野県
伊那市　駒ヶ根市　辰野町
飯島町　南箕輪村　阿南町
喬木村　豊丘村　大鹿村
上松町　南木曽町　大桑村
諏訪市　茅野市　塩尻市
長野南牧村　下諏訪町

□岐阜県
多治見市　美濃加茂市　可児市
坂祝町　富加町　川辺町
八百津町　白川町　東白川村
御嵩町　関市　美濃市
岐阜山県市　本巣市　郡上市
垂井町　関ケ原町　神戸町
安八町　揖斐川町　北方町
高山市　下呂市

□静岡県
掛川市　御前崎市　菊川市
静岡森町　伊豆市　静岡葵区
牧之原市　川根本町

□三重県
名張市　伊賀市　三重明和町
尾鷲市　鳥羽市　熊野市
志摩市　大台町　度会町
三重大紀町　南伊勢町　三重紀北町

□滋賀県
長浜市　高島市　愛荘町
甲良町　大津市　草津市
栗東市　野洲市　湖南市
滋賀日野町　竜王町

□福井県
福井市　鯖江市　あわら市
越前市　福井坂井市　福井池田町
越前町　敦賀市　小浜市
福井美浜町　高浜町　福井おおい町
福井若狭町

□山梨県
甲府市　山梨北杜市　甲斐市
富士川町　富士河口湖町

□京都府
与謝野町　京都伏見区　宇治市
城陽市　八幡市　京田辺市
木津川市　久御山町　井手町
宇治田原町　和束町　精華町
南山城村

□大阪府
寝屋川市　四條畷市

□奈良県
奈良市　大和郡山市　天理市
桜井市　御所市　宇陀市
山添村　平群町　奈良川西町
曽爾村　御杖村　高取町
明日香村　広陵町　天川村気象庁の発表に基づき、地域ごとに震度情報をお伝えしています。
新たな情報が発表され次第、情報を更新します。TBS NEWS DIG Powered by JNN"
国内,5定期券取りやめ「配慮欠けた」とJR東社長共同通信4/8(火)15:51,https://news.yahoo.co.jp/articles/73cfc62e8566f5b70e1421f7d56a82b0a8e24794,JR各社が通信制高校のサポート校に通う生徒への通学定期券販売を取りやめようとした問題を巡り、JR東日本の喜勢陽一社長は8日の記者会見で「配慮に欠けていた」と謝罪し、販売継続の方針を表明した。
国内,1【独自】基礎年金底上げ案、修正検討　厚生年金の受給総額を調整共同通信4/8(火)20:21,https://news.yahoo.co.jp/articles/2f4cfae95ce2c3891c489282903c65d82c126968,"首相官邸政府が年金制度改革法案のうち、厚生年金の積立金を活用して基礎年金を底上げする案の修正を検討していることが分かった。当初案では厚生年金の受給額が一時的に減るため、最終的に受け取る総額が減らないような措置を設ける方向で調整する。関係者が8日、明らかにした。具体策を今後詰めて自民、公明両党の理解を得た上で、今国会への提出を目指す。【画像】主な年金制度改革案一方、政府内には、基礎年金底上げを切り離した法案を今国会に提出し、底上げは臨時国会以降に後回しにすることも選択肢の一つとの意見も出ている。

　自民党内は参院側を中心に夏の参院選後への先送り論がある。森山裕幹事長や小野寺五典政調会長ら幹部は8日、対応を協議したが、関係者によると、今国会への提出是非の結論は出なかった。

　基礎年金は全ての国民が受け取る。底上げ案は就職氷河期世代などが低年金に陥らないようにする対策の一環で、厚生年金の積立金を活用する。その影響で標準的な世帯では厚生年金受給額が2040年度まで最大月7千円減ると見込まれ、野党が批判している。"
国内,2消費税減税に自民幹部から否定的な発言相次ぐTBS NEWS DIG Powered by JNN4/8(火)12:18,https://news.yahoo.co.jp/articles/d678465930163e9faa79cfcafa75eba1b35f1d94,"TBS NEWS DIG Powered by JNN物価高への対応策として与野党の一部から消費税の減税を求める声が上がっていることについて、自民党の鈴木総務会長は「実施すべきものではない」と否定的な考えを明らかにしました。【画像で見る】保守系議員の前で石破総理に苦言を呈した、高市早苗氏自民党　鈴木総務会長
「やはり、消費税の減税というものは、こういう状況ではありますけれども、実施すべきものではないとそういうふうに思っております。やはり、社会保障を支える重要な財源であるわけであります。一度下げるとですね、元に戻すということも相当な政治的なエネルギーがないとできないということもあわせて考えていかなければならない」

自民党の鈴木総務会長は、きょうの総務会後の記者会見でこのように述べ、物価高対策としての消費税減税に否定的な考えを明らかにしました。

また、森山幹事長もきょうの会見で、消費税の税収は社会保障の財源に充てられていると指摘したうえで、「持続可能な社会保障制度を守っていくために、安定的な財源の重要性について十分理解を求めていく必要がある」と述べ、重ねて減税に否定的な考えを示しました。TBSテレビ"
国内,3万博フードコートの有料座席「1人50分550円」に賛否、「必死すぎる」「助かる」 予約不要の無料席は「立ち食い形式」弁護士ドットコムニュース4/8(火)12:29,https://news.yahoo.co.jp/articles/a384b00547ac36e99652637a9683007bab7fd0aa,"大阪・関西万博の公式キャラクター「ミャクミャク」（東京・JR品川駅、読者提供）万博のフードコート着席は「有料」らしい――。大阪・関西万博の開幕（4月13日）への機運が高まる中、会場に設置されるフードコートをめぐって、ネット上で賛否の声があがっている。

SNSでは「客からお金を奪う事に必死すぎる万博や」などと不満の声があがる一方で、「その時間は確実に座れる席があるのって助かる」という意見もあった。

●大阪グルメが集結した巨大フードコート

話題になっているのは、「大阪のれんめぐり〜食と祭EXPO〜」。万博会場内の飲食施設で最大となる約2000平方メートルの面積を誇るフードコートだ。

たこ焼きや串カツなど、大阪を代表する老舗が一堂に介しているほか、大阪府各市町村の名物グルメを期間限定で楽しめる。

また、会場入り口には2024年ねぶた祭最高賞を受賞した巨大ねぶたが展示され、和モダンな雰囲気を演出している。

●「空席」目立つ？有料予約席

運営会社のホームページによると、屋内の飲食スペースは、フードコート中央に設けられており、最大約1000席の確保を目指しているとしている。

このうち座れるのは約500席。予約用のホームページを確認したところ、やはり「有料」だった。料金は1席につきで50分で550円。

予約が必要ない無料席も用意されているが、こちらは「立ち食い」形式になる。

予約状況を確認すると、今のところ比較的余裕があるようで、たとえば開幕する13日の11時40分〜12時30分の席予約は、8日午前11時段階で130席ほどの空きがあった。弁護士ドットコムニュース編集部"
国内,1《広末涼子の男性同乗者》事故を起こしたジープは“自称マネージャー”のクルマだった「独立直後から彼女を支える関係」NEWSポストセブン4/8(火)17:05,https://news.yahoo.co.jp/articles/db0f83f0a677bc9f53805e8c7a03fdd326f846d5,"運転中の広末涼子容疑者（2023年12月撮影）4月8日未明、静岡県島田市にある総合医療センターで看護師の女性に暴行しケガをさせたとして、女優の広末涼子容疑者（44）が現行犯逮捕された。前日7日午後6時50分ごろには、大型トレーラーに追突する事故を起こしており、搬送先の病院で起きた暴行事件だった。【写真】大型トレーラーに突っ込み、フロントガラスがグシャグシャになった黒いジープ。“自称マネージャー”A氏は事件後うずくまっていた「広末容疑者は追突事故の直後から、ひどく取り乱していたと言います。搬送先の病院でも院内をウロウロして挙動不審だったそうで、手当てするために近づいた女性の看護師の足を右足で蹴り、引っ掻いた。広末容疑者の個人事務所は8日10時ごろ、HP上で『広末涼子が逮捕されました』『搬送先の病院において一時的にパニック状態に陥った』などと発表しています」（全国紙社会部記者）

　追突事故については、7日午後6時50分ごろ、新東名高速上り線の掛川PA付近のトンネル内で、大型トレーラーに追突している。

「広末さんが運転していた車は黒のジープでした。追突後の車はフロントガラスがグシャグシャになって、車の破片が全車線に飛び散り、周辺はひどい渋滞になったようです。車には、広末さんの“マネージャー”と名乗る男性も同乗していた。事故後、それぞれ別の病院に搬送されていました」（同前）「今、広末さんのマネジメントをしてるんだ」広末といえば、2023年6月に『週刊文春』で人気シェフの鳥羽周作氏（46）とのダブル不倫を報じられ、2024年2月には26年間所属した事務所を退社して独立。先日、3月28日放送のバラエティ番組『ザ・共通テン！』（フジテレビ系）で、約2年ぶりとなるキー局でのテレビ復帰を果たしたばかりだった。

　2024年8月、美容系ウェブメディアのインタビュー記事では「個人事務所の社員はゼロ、マネジメントもプロデュースも自分でやっている」としていた広末。車両に同乗していた“マネージャー”を名乗る男は、どのような人物なのか。芸能関係者が語る。

「芸能マネジメントやウェブサイト管理などの業務を行なう会社を複数経営する、男性A氏です。元々大手芸能プロダクションにも所属していたようで、現在も女優からVチューバーまで、幅広くプロデュースしています。

　今回広末さんが事故を起こした車も、A氏が所有するジープでした。広末さんは直近で、動画配信サービス系のドラマの撮影などを行なっていたといい、その移動中だったのかもしれません。なぜA氏の車を広末さんが運転していたのかは謎ですが、長い道のりを交代で運転していたのかもしれない」"
国内,2【薬物検査どころじゃなかった】広末涼子容疑者「体を丸めて会話拒む」「指示に従わず暴れ…」取り調べ室の中の異様な光景　現在は落ち着き、いよいよ検査可能な状態にNEWSポストセブン4/8(火)20:30,https://news.yahoo.co.jp/articles/b457e5eaec9c13ddcd96ef836a0645a4c8c7de9d,"女優の広末涼子容疑者が傷害容疑で現行犯逮捕された4月8日、静岡県島田市の病院で看護師を蹴るなどの暴行をくわえ、ケガを負わせたとして俳優・広末涼子容疑者（44）が傷害容疑で逮捕された。【写真】フロント左側がグシャグシャになった黒いジープ。広末涼子容疑者が大型トレーラーに追突した、事故現場の騒然とした様子も広末容疑者は、2023年6月の鳥羽周作シェフとの不倫報道以降、所属事務所から無期限謹慎処分を言い渡されていた。その後、2024年２月に事務所から独立してからは個人事務所『株式会社R.H』で芸能活動を再開しており、今年3月28日にはバラエティー番組で2年ぶりのキー局出演を果たすなど、本格的な芸能界復帰が期待されていた矢先の逮捕だった。大手紙社会部記者が語る。

「警察によりますと、広末容疑者は7日夕方、新東名高速道路上り線の静岡県掛川市・掛川パーキングエリア付近で乗用車を運転中、大型トレーラーに追突する事故を起こし、軽いケガをして島田市にある市立総合医療センターに搬送されていたとのことです。

　治療を待っている間にパニック状態になり、看護師の女性に足蹴りしたほか、腕をひっかくなどの暴行に及びケガをさせたとみられています」（大手紙社会部記者）

　追突事故が起こる前後、広末容疑者は落ち着かない様子を見せていたという。知らない人に「広末でーす」「広末容疑者は、事故を起こす前、高速道路のサービスエリアで知らない人に『広末でーす』と声を掛けたり身体を触ったり、大声をあげる様子が目撃されていたといいます。また、警察が事故現場に駆けつけた際には、立ったり座ったり歩いたり、本線上にはみ出しそうになるなどの不審な動きをしていたとのことです。

　くわえて、搬送先の病院でも治療前に歩き回っていて、看護師が後を追いかけて手当をしようとしたところに暴行を加えたとみられています」（同前）

　広末容疑者に対し、警察はアルコール検査を実施したが、アルコールは検出されなかった。その後、薬物検査を実施すると報じられていたが、調べに対しては取り乱す様子を見せていたという。

「関係者によると、逮捕後の取り調べにおいて広末容疑者は着席の指示に従わず暴れ出したほか、体を丸めて会話を拒む素振りを見せるなど、パニック状態は続いており、薬物検査を実施するどころではなかったといいます。

　しかし、現在はようやく落ち着きを取り戻し、薬物検査を実施することができる状態になったといいます。また今回は逮捕前後で奇行が目立っていたため、釈放されず身柄の拘束が続いています」（同前）

　いまだ警察は広末容疑者の認否を明らかにしていない。事件の背景には何があったのか世間が注目している。情報提供募集・情報提供フォーム：https://www.news-postseven.com/information

XのDMは@news_postsevenまでお送りください。"
国内,3《広末涼子が逮捕》「グシャグシャの黒いジープが…」トラック追突事故の目撃者が証言した「緊迫の事故現場」、事故直後の不審な動き“立ったり座ったりはみ出しそうになったり”NEWSポストセブン4/8(火)13:50,https://news.yahoo.co.jp/articles/78e48fd41f77e8ffb009594bebf8d9f1aa023843,"広末涼子容疑者（写真は2023年12月）と事故現場（トンネル内のトラックは事故とは無関係）「一瞬見ただけで、『ああ、全損だな』って思いました。でもまさかこんな事件に繋がるとは思ってもいなかったので……」──広末涼子容疑者が起こしたとみられる事故現場を目撃した人物が、そう述懐した。【写真】「フロント左側がグシャグシャに」事故現場の黒いジープ、運転中の広末容疑者「進行方向に目線を…」4月8日0時20分ころ、静岡県島田市内の病院で看護師にけがを負わせ、女優の広末涼子（44）が傷害容疑で現行犯逮捕された事件。同日10時ごろ、広末の個人事務所「R.H」が「広末涼子の逮捕について」とする声明を発表した。

〈このたび、弊社代表取締役の広末涼子が逮捕されました。　4月8日静岡県内にて本人が運転する車による交通事故を起こし、搬送先の病院において一時的にパニック状態に陥った結果、医療関係者の方に怪我を負わせてしまいました〉

　この発表をもって、広末容疑者の当面の芸能活動自粛が決定。突然の出来事に芸能界に激震が走っている。目撃者が証言「ひと目で全損事故と…」広末容疑者は逮捕のおよそ5時間前、追突事故を起こしていたとされている。ある全国紙社会部記者が解説する。

「広末容疑者は7日午後6時50分ころ、新東名高速道路上りの掛川パーキングエリア付近で乗用車を運転中に大型トレーラーに追突。車に同乗していたマネージャーとみられる男性とは別々に病院へ搬送されました。幸い、このふたりとトレーラーの運転手に大きなけがはなかったようです。

　経緯はまだわかっていませんが、同容疑者はその後に病院内で看護師に対して蹴ったり引っ掻いたりの暴行を加えたため、事故の聴取に訪れていた警察官に現行犯逮捕されました」

　NEXCO中日本によれば、事故があったのは掛川パーキングエリアを出てすぐの粟ケ岳トンネル内。容疑者のものと思われる乗用車とトラック2台が自走不可能になり、事故発生から1時間後には3キロほどの渋滞が発生していたという。

　事故直後に現場を目撃した男性が語る。「事故から1時間ちょっと経ったくらいだったと思います。3車線のうち交通規制で左右2車線が通れなくなっていて、右車線に黒いジープがありました。その100メートル前くらいの左車線にトレーラーが停まっていたのですが、右側のテールランプの辺りがガッツリへこんでいて……。運転手さんらしき人が、警察とその黒い車の近くで実況見分みたいなことをしながら話していました。

　ジープはフロントの左側がグシャグシャになっていて、『車線変更とかで失敗して、トレーラーに突っ込んだんだろうな』と思いました。エアバッグも出ていたと思います。

　パッとみて乗っていられるような状態じゃなかったでしたよ。広末さんのような人は、すでに搬送されたのか見当たらなかったですね。ジープは頑丈だし、乗っていた人は怪我なく済んだのかもしれませんが、ひと目見て『全損だな』『かなりスピード出したんだな』という印象でした」

　事故があった粟ケ岳トンネルは全長4527メートル。照明が整備され、視界もいいが、なぜこの場で事故が起こってしまったのか。

「時間帯によるんですけど、あのあたりはトラックがけっこう走っていて、交通量が多い。周辺は制限速度が120キロなので、飛ばしている車も多い。照明も舗装もかなり綺麗で運転しやすくはあると思うんですがすよね…。急ぐ理由でもあったんですかね」（同前）

　前出の全国紙社会部記者によると、「警察官が事故現場に駆け付けた際、立ったり座ったり歩いたりと本線上にはみ出しそうな不審な動きをしていたようです」という広末容疑者。真相究明はこれからだ。

「NEWSポストセブン」では、情報・タレコミを募集しています。情報提供フォームまたは、下記の「公式X」のDMまで情報をお寄せください。情報提供募集・情報提供フォーム：https://www.news-postseven.com/information

XのDMは@news_postsevenまでお送りください。"
国内,4【独占】伝説の投資家・清原達郎が株価暴落後はじめて明かす見解《私が月曜日に数十億円で買いを入れた銘柄名》《この先日本株はどうなるか》《これから投資家がやるべきこと》現代ビジネス4/8(火)19:03,https://news.yahoo.co.jp/articles/1fe9974f4760e2e701e4960774453a247fee2c78,"(c) 野口 博伝説のファンドマネージャー・清原達郎氏が、世界同時株安後、はじめて見解と自己の投資態度を明かした。清原氏が信頼するジャーナリスト・伊藤博敏氏による緊急インタビューをお届けしよう。(2025年4月8日)【マンガ】「長者番付1位」になった「会社員」清原達郎の「スゴすぎる投資術」の全容今回の下げは「単なる人災」「トランプ関税」が世界の株式市場を揺さぶり、4月7日の東京株式市場は3日連続で大幅に値を下げ、日経平均株価は2644円安の3万1137円で取引を終えた。

この先、株価はどうなるのか──。

誰もが方向性を見出せず、株式評論家や証券アナリストなどを含む相場のプロは、おおむね「どこまで下がるか検討もつかない」とサジを投げた。理由は、「経済合理性に合わないことを平気でやってのけるトランプ大統領だから」というものだった。

そうしたなか、私が気になったのはプロ投資家・清原達郎氏の動静である。清原氏の 『わが投資術』 は累計25万部のベストセラーとなり「プロの凄み」を伝えたが、清原氏は過去最大の暴落となった昨年8月5日、当日の夜から猛烈な「買い」を入れ、翌日、過去最大となる3217円の「上げ」で利益を享受した。

清原氏はトランプショックにどう立ち向かったのか。

──トランプ関税による世界同時株安をどう受け止めましたか。

「今回の下げは単なる人災です。なにも隕石がぶつかって地球が終わるわけでもありません。米国の大統領が何を考えているのか、まったく見当もつきませんが、『世界を無茶苦茶にした大統領だった』というレガシーを自ら望んでいるとも思えません。世界が混乱するにしても、ある程度のところで落ち着くのではないでしょうか。

今回の日本株の相場の下げは行き過ぎだと思います。私は7日にある程度買いましたが、さらに相場が暴落すれば、喜んで買い増したいと思っています」購入したのは大和、みずほ、それに三井住友昨年8月5日から6日にかけての清原氏の「買い」は半ば伝説である。証券会社に預けていた現金約230億円を全て投じて注文を入れ、結果、メガバンク株1銘柄(三井住友フィナンシャルグループ)を105億円分購入。

清原氏はその成果を筆者にメール(清原氏はがんで声帯を失っている)で伝えながら、「これからは悠々自適の配当生活ですよ」と、冗談混じりに付け加えた。

──今回、銘柄は何を選択してどのぐらい買いましたか。

「2023年に引退してから株を買うのはこれで2回目になります。

注文を入れたのは昨日(4月7日)の午後からで、今回も前回同様、配当利回り狙いで買いを入れました。

前回ほど急反発するかどうかについて確信はありませんでしたが、関税についてはほぼ完全に織り込まれていたので心配はしていません。

ただ、じっくり銘柄を選択している余裕はなく、前回、買い損なった大和証券(グループ)とみずほ(フィナンシャルグループ)を買い、三井住友も買い増しています。数十億円分です。 関税は相場に折り込まれましたが、為替がどうなるかわからない。したがって為替のリスクのない銘柄にしました」"
国内,"5「物価上昇」でも「コメ不足」でもない…コンビニ、スーパーで消費者が払わされている""もっとも無駄なコスト""とはプレジデントオンライン4/8(火)18:17",https://news.yahoo.co.jp/articles/9f4378af0992cb73a35447f72afdb02846eaf27e,"恵方巻のシーズンのコンビニ外観（セブン‐イレブン） - 筆者撮影食費が家計を圧迫している。消費支出のうち食費が占める「エンゲル係数」を見れば明らかだ。統計によると、2024年は28.3パーセントと、1981年以来43年ぶりの高水準を記録している。ジャーナリストの井出留美さんは「物価の上昇、コメ不足が注目されるが、最も無駄で、削るべき『上乗せコスト』はなぜか見落とされている」という――。【図表】すし（弁当）の日別支出金額※本稿は、井出留美『私たちは何を捨てているのか』(ちくま新書)の一部を抜粋・再編集したものです。

■「節分には、恵方巻」はどこから来たのか

　本稿では日本における食品ロスの現状をみていきたい。まず、大量廃棄の問題が近年話題になっている恵方巻をめぐる状況をみていこう。

　節分に恵方巻が売り出されることはすっかり全国的な風景となった。

　2023年の恵方巻は「伊勢えび1匹」や「神戸牛のローストビーフ」を具にした1万円を超える贅沢なものから、食品価格の高騰がつづく中でも比較的値上げが抑えられている肉を使った「ロースカツ巻」まで、さまざまなものが売り場に並んだ。

　同年はコンビニで働く大学生バイトらの労働組合「SDGsユニオン」が大手コンビニ3社に対し、恵方巻の廃棄量の調査・開示や、過剰な販売競争の実態に関する調査・公表などを求める要求書を提出したことと、農林水産省の野村哲郎大臣(当時)が節分当日の会見で、恵方巻の食品ロス量について「どのくらいの廃棄になったのか把握してみたい」と語ったことが注目を集めた。

■“すし支出”は2月だけ突出している

　節分といえば豆まき。だが、いまどき節分の夜に窓を開けても「鬼は〜外、福は〜内」なんて声は聞こえてこない。

　豆まきに代わって節分の風物詩となった「恵方巻」の起源については、大阪の商家で商売繁盛を願っておこなわれたなど諸説あるが、全国的な普及のきっかけとなったのは、1989年に大手コンビニが「恵方巻」という商品名で販売したことにあるという。

　総務省統計局のデータをもとに、2019年から2022年にかけての節分前後の「すし(弁当)」への1世帯あたりの日別の支出金額(図表1)をみると、節分だけ支出金額が突出している。

　「すし(弁当)」には、巻き寿司のほか、握り寿司、いなり寿司などが含まれるが、明らかに恵方巻の影響を受けていることがわかる。確認できるもっとも古い2000年のデータと比べ、節分の支出金額が3倍以上に伸びている。"
国際,1約25分間の電話首脳会談後　トランプ大統領は日本を批判　「えぐい下がった」日経平均 史上3番目の下げ幅　“トランプ関税ショック”は日本の海産物にすでに影響【news23】TBS NEWS DIG Powered by JNN4/8(火)17:06,https://news.yahoo.co.jp/articles/306f59bef4c43ada1ce90fb5d28ff95d368ed498,"TBS NEWS DIG Powered by JNN“トランプ関税ショック”が収まりません。7日の日経平均株価は2644円下落し、過去3番目に大きい下げ幅を記録しました。石破総理はトランプ大統領と電話会談をしましたが、その後、トランプ氏はSNSに日本のこれまでの貿易政策を批判する投稿をしました。【写真で見る】投資家「トランプさん…なにやっているんですか…という感じ」■約25分の電話会談にトランプ氏「日本は貿易で不公平」

7日午後10時。トランプ大統領との電話会談を終えた石破総理は…

石破茂 総理大臣
「私から大統領に対し、日本が5年連続で世界最大の対米投資国であるとの旨を述べつつ、アメリカの関税措置により日本企業の投資力が減退することを強く懸念していると申し述べました。そのうえで、一方的な関税ではなく投資の拡大を含め、日米双方の利益になる幅広い協力のあり方を追求すべきであると申し上げました」

電話会談は7日午後9時ごろから約25分間行われ、石破総理は、日本に24％の関税措置を発表したトランプ氏に、強い懸念を示しました。

石破総理大臣
「トランプ大統領からは、国際経済においてアメリカが現在置かれている状況について率直な認識が示されました。トランプ大統領とは、今後も率直かつ建設的な協議を続けていくことを確認しました。本日の首脳間のやりとりを踏まえて、双方において担当閣僚を指名し、協議を続けていく」

Q.訪米の可能性・必要性について言及されてきたと思うが、改めて会談を経てその必要性は?

石破総理大臣
「最も適切な時期に訪米をするということは当然考えている」

Q.具体的に現時点で担当閣僚の名前は?

石破総理大臣
「本日のところでは担当閣僚を互いに指名するということで一致した。アメリカはアメリカにおいて、我が国は我が国において人選を進めていく。今の時点で具体的な名前が挙がっているわけではない」

会談後、トランプ氏はSNSで日本を批判。

アメリカ トランプ大統領のSNS
「日本は貿易においてアメリカを非常に不公平に扱ってきた。私たちの車は買わないのに私たちは日本の車を何百万台も受け入れている」"
国際,2「本当に最悪」なトランプ氏の肖像画、本人による酷評で画家のキャリアが窮地にCNN.co.jp4/8(火)16:42,https://news.yahoo.co.jp/articles/5f6fce44e141226081fc64a19482b830b2a6cf78,"先月撤去されたサラ・ボードマン氏によるトランプ大統領の肖像画（ＣＮＮ）　米コロラド州議会議事堂に飾られていたトランプ大統領の肖像画が、先ごろ撤去された。トランプ氏本人が「本当に最悪」と酷評したことを受けての措置だが、制作した画家は今回の批判によって画業４０年のキャリアが危機に直面していると訴える。【画像】トランプ氏の肖像画だけが外されたコロラド州議会議事堂の壁トランプ氏は画家のサラ・ボードマン氏が自身のイメージを「意図的にねじ曲げた」と非難した。ボードマン氏は自らのウェブサイトに公開した声明で、この非難が自分の仕事に直接的かつ否定的な影響を与えていると明らかにした。その影響は「今や回復が不可能なほど危険な状況にある」という。

ボードマン氏の肖像画は、他の米大統領の肖像画と並んでコロラド州デンバーの州議会議事堂の壁に６年近く掛けられていた。しかしトランプ氏が先月、ソーシャルメディアで作品への不満を表明すると、共和党議員らの要請によって撤去された。

州上院のポール・ランディーン少数党院内総務は、代わりに「現在のトランプ氏を描いた肖像画」を掛けるべきだと述べた。ＡＰ通信が当時報じた。

自身の運営するＳＮＳ、トゥルース・ソーシャルで、トランプ氏は以下のように書き込んでいた。「写真であれ絵であれ、自分の肖像の出来が悪いのを好む人はいない。だがコロラドの州議会にある肖像画は、意図的にねじ曲げられている。恐らくこれまで目にしたことのない水準で」

さらに、同じ壁に掛かっているオバマ元大統領の肖像画は「素晴らしい」にもかかわらず、「自分の肖像画は本当に最悪」と強調。ボードマン氏に対し、「年を取って才能がなくなったに違いない」との見解を示した。

ボードマン氏はトランプ氏の非難に反論。自分の描く肖像画は正確で、「意図的なねじ曲げ」や政治的バイアスはないと主張した。また明示するか暗示するかを問わず、対象を誇張するような試みも一切行っていないと主張した。肖像画は２０１９年にお披露目されたが、それ以降届いているのは「圧倒的に前向きな評価」だとも言い添えた。

ボードマン氏がこれまで描いてきた肖像画には共和党のジョージ・Ｗ・ブッシュ元大統領や連邦地裁判事の他、米国軍人数十人も含まれる。

今回の論争で自身の仕事がどのような影響を受けたのか、ボードマン氏は詳細を明らかにしなかった。この件について「これ以上はコメントしない」としている。

トランプ氏の肖像画はコロラド州の共和党議員らの委託で制作された。委託に先駆け、議員らは募金サイト「ゴー・ファンド・ミー」を通じ１万ドル（現在のレートで約１４８万円）を超える資金を集めていた。

ＡＰ通信と先月共有した声明の中で、コロラド州下院の民主党議員は肖像画について、共和党議員が時間と費用を負担するのであれば、どの肖像画を掛けるかは彼ら次第だと示唆した。

◇

原文タイトル： Painter of ‘truly the worst’ Trump portrait says president’s comments threaten her art career（抄訳）"
国際,3マスク氏、関税撤回をトランプ氏に進言　聞き入れられず＝米紙ロイター4/8(火)16:06,https://news.yahoo.co.jp/articles/0fa7b4ef777ec310d22e012e04ef0c932721a628,"４月８日　トランプ米政権で「政府効率化省（ＤＯＧＥ）」を率いる実業家イーロン・マスク氏（写真左）が先週末、トランプ大統領（写真右）に新たな関税措置を撤回するよう進言したが聞き入れられなかったと、米紙ワシントン・ポストが７日、関係者２人の話として報じた。写真は３月２２日、ペンシルベニア州フィラデルフィアで撮影（２０２５年　ロイター／Nathan Howard）[８日 ロイター] -     トランプ米政権で「政府効率化省（ＤＯＧＥ）」を率いる実業家イーロン・マスク氏が先週末、トランプ大統領に新たな関税措置を撤回するよう進言したが聞き入れられなかったと、米紙ワシントン・ポストが７日、関係者２人の話として報じた。

トランプ氏は２日、貿易相手国に相互関税を課すと発表。全ての輸入品に一律１０％の基本関税を課した上で、各国の関税や非関税障壁を考慮し、国・地域別に税率を上乗せするとした。

ホワイトハウスとマスク氏は、ロイターのコメント要請に応じていない。

マスク氏は５日、イタリア連立与党の右派「同盟」の会合にオンラインで参加し、「欧州と米国がともに関税ゼロの状況に移行し、欧州・北米間に事実上、自由貿易圏を形成するのが理想的だと思う」と述べた。

マスク氏の米電気自動車（ＥＶ）メーカー、テスラは、ＤＯＧＥに対する反発で売上高が急減し、株価は７日の終値で年初から４２％余り下落している。

マスク氏はこれまで、自動車関税がテスラに与える影響は「重大だ」と述べている。"
国際,4「米国は中国の小作農から借金」 バンス氏発言に中国非難 「無知で無礼」ＡＦＰ＝時事4/8(火)17:28,https://news.yahoo.co.jp/articles/cbbbf3fa117170afac79567667661e2dea573201,"J・D・バンス米副大統領（2025年3月28日撮影）。【翻訳編集】 AFPBB News【AFP＝時事】中国は8日、J・D・バンス米副大統領が米国は「中国の小作農」から借金していると述べたことを受け、「無知で無礼」な発言だと非難した。【写真】株価下落受け「薬も必要」とトランプ氏ドナルド・トランプ米大統領がすべての国や地域を対象に大規模な関税を導入し、世界経済を揺るがしている事態を受け、バンス氏は3日、米FOXニュースに対し、こうした関税措置は、一般的な米国民にとっては無益な「グローバリスト経済」に対する解毒剤だと擁護。

「われわれは、中国の小作農からカネを借り、中国の小作農の生産物を買っている」とし、「これでは、経済的な繁栄にも、物価抑制や米国での良い雇用にもつながらない」と主張した。

この発言を受け、中国外務省の林剣報道官は、「（米国の）副大統領からこのような無知で無礼な言葉を聞かされるのは驚きであり、嘆かわしい」と述べた。

トランプ氏は、高関税によって外国企業の生産拠点を海外から米国に移転させ、米国の製造業を復活させると主張しているが、大半のエコノミストはこれに懐疑的で、恣意的な関税だとの見方を示している。【翻訳編集】 AFPBB News"
国際,5テスラは「組み立て屋」　米大統領顧問が皮肉　政権内で泥仕合毎日新聞4/8(火)17:39,https://news.yahoo.co.jp/articles/79579656718a1814c2fbf0780e32bcbd8f35da2f,"米電気自動車大手テスラのフリーモント工場＝米西部フリーモントで2023年11月18日、大久保渉撮影トランプ米政権で関税引き上げを主導するナバロ大統領上級顧問（貿易・製造業担当）は7日、米電気自動車（EV）大手テスラのイーロン・マスク最高経営責任者（CEO）について「彼は自動車メーカーではない。自動車組み立て屋だ」と皮肉った。トランプ氏側近のマスク氏は、関税に否定的な立場からナバロ氏を批判しており、政権内で泥仕合を繰り広げている。【図解】関税のメリットとデメリット、てんびんにかけると…ナバロ氏は米CNBCテレビのインタビューで、テスラについて、海外から重要部品を輸入し米国内で車体を組み立てる「組み立て屋」と表現。「彼が安い外国製の部品を欲しがっているのは理解できる。しかし、私たちが望んでいるのは（重要部品を含めた）国内生産だ」と述べ、トランプ政権の掲げる「強い米製造業の復活」に、テスラのビジネスモデルはそぐわないとの認識を示した。

　マスク氏は5日、欧米間の関税について「将来的にゼロが望ましい」と発言。関税引き上げを主張するナバロ氏について、X（ツイッター）に「ハーバード大学で経済博士号をとるのは悪いことだ。結果としてエゴが能力を上回る」との趣旨の投稿をしていた。

　トランプ政権は5月3日までに、米国外で生産された自動車部品に25％の関税を課す方針。部品の一定量を輸入しているテスラも影響を受けるとみられる。【ワシントン大久保渉】"
国際,1「我々は日本でまったく車を売っていない」トランプ大統領 石破総理にアメリカの自動車が日本でも売れるよう“市場の開放”求めるTBS NEWS DIG Powered by JNN4/8(火)8:47,https://news.yahoo.co.jp/articles/2b17edf63cbff4f5067f946e44195a74745d77e6,"TBS NEWS DIG Powered by JNNアメリカのトランプ大統領は7日の石破総理との電話会談で、アメリカの自動車が日本でも売れるよう、市場の「開放」を求めたと話しました。

トランプ大統領
「けさ、日本の総理大臣と話をした。とても良い会話だった。彼らは交渉にやってくる。私はこう言った。『あなたたちは自分の国を開放しなければならない』と。我々は日本でまったく車を売っていない。ゼロだ。一方で日本はアメリカに何百台もの車を売っている」

トランプ大統領はさらに、日本はアメリカの農産物についても少ししか輸入していないと不満を示しました。

一方でトランプ氏は、「日本とは素晴らしい関係にある。これからも維持していくつもりだ」と話しています。TBSテレビ"
国際,2絶滅したオオカミがゲノム編集技術で蘇った!アメリカ企業が1万年以上前に絶滅した「ダイアウルフ」の化石DNAからFNNプライムオンライン（フジテレビ系）4/8(火)12:170:57,https://news.yahoo.co.jp/articles/53c7afec82cedb293aa1c059f370caed0d86e1ad,"FNNプライムオンラインアメリカの企業がゲノムの編集の技術で1万年以上前に絶滅したオオカミを蘇らせることに成功しました。【画像】愛くるしすぎる…ゲノム編集技術で蘇った絶滅オオカミアメリカの企業「Colossal Biosciences（コロッサル・バイオサイエンス）」は7日およそ1万3000年前に絶滅したダイアウルフの子どもを復元することに成功したと発表しました。

ダイアウルフの歯や頭蓋骨の化石から採取したDNAサンプルからゲノム情報を解析し、現代の他の種類のオオカミの細胞にゲノム編集を行うことでダイアウルフの特徴を持つ子どもが誕生したということです。

誕生したオオカミは生後3カ月から6カ月の3匹で現在はアメリカ国内の保護区で育てられ健康に成長しているということです。

コロッサル社は「科学、自然保護、そして人類にとって大きな節目」と意義を強調していて今後も他の絶滅種の復元を目指しています。フジテレビ,国際取材部"
国際,3トランプ氏「日本は自国を開放せよと伝えた」　石破首相との電話協議毎日新聞4/8(火)9:59,https://news.yahoo.co.jp/articles/e9d432cdac9ebc28336bed78e627e5aef35e2866,"米ホワイトハウスで記者会見するドナルド・トランプ大統領＝2025年1月30日、秋山信一撮影トランプ米大統領は7日、同日の石破茂首相との電話協議で「日本は自国を開放しなければならない」と伝えたと明かした。自動車や農産品について、日本が米国産を輸入しないと不満を示した。また、関税を一時停止するとの観測については「そんなことは考えていない」と否定した。【写真】トランプ氏と電話協議直後…石破首相の表情ホワイトハウスで記者団に述べた。トランプ氏は「彼らは米国で何百万台もの車を売っているのに、日本では我々の車が売れていない。ほぼゼロだ」と主張。「彼らは農産品も買ってくれない。少しは買ってくれるが本来買うべき量は買っていない」とも述べた。

　一方、「私たちは日本と素晴らしい関係を築いており、今後もその関係を維持していくつもりだ」と述べ、日米の貿易交渉を円滑に進めたい意向を示した。

　トランプ氏と石破氏は7日、関税問題を巡り約25分間電話で話した。日米双方で担当閣僚を指名し、協議を続けることを確認した。【ワシントン大久保渉】"
国際,1トランプ関税の株暴落で、世界の富豪トップ500人は総額79兆円を溶かしたが、資産を増やしていた人物が1人いた！クーリエ・ジャポン4/8(火)19:00,https://news.yahoo.co.jp/articles/da4f15718ffbd6045d40cbc1e5fdf2269a0b5e3c,"トランプ関税ショックは世界同時株安を招いた　Photo by Michael M. Santiago/Getty Imagesドナルド・トランプ米大統領による相互関税の発表を受けて、世界中の株式市場が混乱するなか、彼の経済界の盟友たちも損失を被っている。【画像】トランプ関税で株暴落のなか、資産を増やしていたのは…やはり「あの方」トランプが各国への関税率を記したボードを掲げて「解放の日」を宣言した４月2日以降の2日間で、世界の富豪トップ500人の資産は計5360億ドル（約79兆円）も消えた。

そのなかでも、トランプを支援したり1月の大統領就任式に出席したりした、彼の「お仲間」大富豪たちの資産はかなり減少している。

ここでは、市場の混乱で最も打撃を受けた4人と、依然として好調な1人のビリオネアを見ていこう。イーロン・マスク世界一の金持ちであり、テスラのCEOであるマスクは、トランプ政権で物議を醸す人物となってから、その資産を急激に減らしていたが、今回の暴落でさらに大きな損失を出した。

マスクへの反発からすでにテスラ株が急落していたなか、先週木曜～金曜（3～4日）の間に、彼の純資産は310億ドル減少した。

今年に入ってからの減少額は1300億ドルに上るが、それでも純資産3020億ドルを保有する世界一の富豪であることに変わりはない。

ただし、週明け月曜（7日）の午後、テスラの株価はウォール街で5%近く下落し、損失額はさらに膨らんでいる。

≪関連記事：【続きを読む】に続きます。≫Mark Sweney"
国際,2米経済学者の指摘「トランプ関税は自由貿易に痛手だが、世界は米国抜きでもやっていける」クーリエ・ジャポン4/8(火)19:00,https://news.yahoo.co.jp/articles/296bb2ca696adcf2dcd110a92ba5fb9d6d3d6776,"Photo by Chip Somodevilla/Getty Imagesドナルド・トランプ米大統領が発表した相互関税の衝撃が世界を混乱に陥れている。米国経済の規模と、世界貿易におけるその中心的役割を考えれば当然だろう。【画像】米経済学者の指摘「トランプ関税は自由貿易に痛手だが、世界は米国抜きでもやっていける」さらに言えば、米国自らが旗振り役となってきた自由貿易体制をぶち壊そうというのだから、残された国々が面食らうのも無理はない。

そんななか米紙「ニューヨーク・タイムズ」は、「トランプ関税は自由貿易に打撃を与えるが、致命的ではないかもしれない」と題した記事を掲載。自由貿易の恩恵は大きいため、世界は米国抜きでもこの体制を維持する方法を見出す可能性があるとする経済学者らの分析を伝えている。

コーネル大学で貿易政策を教えるエスワー・プラサド教授は次のように語っている。

「これで自由貿易が終わるわけではありません。とはいえ、制限のない自由貿易からの後退は免れませんが、そうした後退の動きは、すでに世界が歩みはじめていた道です」

≪関連記事：【続きを読む】に続きます。≫COURRiER Japon"
国際,3関税政策にご満悦のトランプは”中国の切り札”に気づいていないのか…アメリカの覇権を脅かす「強烈な一撃」現代ビジネス4/8(火)7:03,https://news.yahoo.co.jp/articles/d38f308f631429ada77702780b38db9c37b4d23d,"「米国の解放の日だ」photo by Gettyimagesトランプ政権の強引ともいえる相互関税の導入で、世界経済に激震が走っている。

中でも、米国の大手企業の経営者にとって、高率関税はコストアップで経営状況の悪化につながる恐れがある。その証拠に、米国の株式や為替は不安定化している。【一覧】日本でこれから10年後に大きくなる会社、小さくなる会社【全業種342社】もう一つ米国経済にとって大きな懸念材料になりそうなのが、中国のAI企業の台頭だ。

このところ、日進月歩、いや秒進分歩の勢いで中国のAI業界は成長している。そのため、これまで米国企業が圧倒的な優位性を持っていたとみられる、AI分野で米国企業の優位性に疑問符が付き始めている。

今年1月、ディープシークが推論モデル“R1”を発表すると、アリババ・グループは“通義千問 2.5MAX”を発表し、R1超えを宣言した。足許、スタートアップの“蝴蝶効応(バタフライエフェクト)”の成長期待も高い。

4月2日、トランプ大統領は自動車関税に続いて“相互関税”を導入すると発表した。

トランプ氏は2025年4月2日、「米国の『解放の日』だ」と主張した。原則、貿易相手国に10％の関税をかける。その上で米国は、国・地域ごとに異なる税率を上乗せする。日本には合計で24％の追加関税を課し、中国にはすでに発動した20％の追加関税に34％の相互関税を上乗せする。

トランプ大統領の関税政策は、少なくとも短期的には米国経済にマイナスに作用する可能性が高い。それと同時に、中国のAI関連分野の成長が加速することは、米国にとって大きな脅威となるはずだ。

今後、米中対立は先鋭化するだろう。具体的には、米国の規制によって、エヌビディアが対中規制に準拠して設計した“H20”チップが不足しはじめているとの報道もあった。

半導体の不足を克服するため、中国の政府と企業は、様々な手段を使ってAIチップの国産化を実現しようとするはずだ。米国は、覇権を守るために追加の関税策や対中引き締め策を導入すると予想される。

米国が同盟国や新興国に対し、中国企業のサービスを利用禁止する圧力をかけることも考えられる。いずれにしても、世界経済を下押しする要因は増える。今後の世界経済の行方が懸念される。"
国際,4トランプ関税で株価暴落　実は「計画通りのシナリオ」のワケ　米国債デフォルト回避に必死デイリー新潮4/8(火)6:11,https://news.yahoo.co.jp/articles/99374fcde1d703437e12bc5dc7c7bed4ff1f03c0,"下落幅は史上3番目トランプ大統領トランプ関税の発表後、世界中の株価が暴落している。アメリカのトランプ政権が2日に関税の国別リストを発表すると3日の米ダウ工業株平均株価は前日終値より1679.39ドル（3.98％）下落。さらに4日は前日比2231.07ドル安の3万8314.86ドルで取引を終えた。【写真】インスタでは“谷間”を惜しげもなく披露　27歳の超美人「ホワイトハウス女性報道官」***8カ月ぶりに4万ドルを割り、下落幅は史上3番目というからまさに大暴落だ。日本市場も週明け7日は寄り付きから3000円近い下落となるなど、惨状が世界中に広がっている。

　経済アナリストがこう指摘する。

「トランプ大統領は、アメリカ以外の各国が不公正な貿易政策を実行しアメリカ市場で荒稼ぎしてきたとして、報復のために高い関税の必要性を主張しています。米国の貿易赤字約1兆ドル（約146兆円）の内訳を見ると、1位は中国の約2700億ドル、2位はメキシコの約1500億ドル、3位はベトナムの1100億ドルで5位の日本は約690億ドル。

　つまり日本は対アメリカでは約690億ドルの貿易黒字です。アメリカの製品を買わずに、逆にアメリカで自国製品を大量に売って大儲けするのはけしからん、というのがトランプ大統領の考え方です」

　そんなトランプ大統領はまず3日に自動車に対する25％の追加関税を発動。中国に対しては「最悪の違反者」として現在の20％に加えてさらに34％の関税を上乗せした。対抗措置として中国政府は4日、米国からの全輸入品に同じく34％の関税を課すと発表。そのため世界貿易が停滞し景気が悪化するとの懸念が強まり、投資家が株を大量に売却したのだ。

　NISA（ニーサ、少額投資非課税制度）を利用して株式を所有している一般庶民からはため息ばかりが漏れているが、国際経済に詳しいアナリストは「株価暴落は計画されていた」と分析する。いったいどういうワケなのか。

　実際、トランプ大統領は株価下落について「予想通りだ。アメリカは重病患者だったが、解放記念日に手術を受けたから好景気になるだろう。（世界中から）何兆ドルもの資金がアメリカに投入されることが約束されているからだ」と強気の姿勢を崩していない。

「トランプ大統領の頭の中にあるのはアメリカの金利を何としても下げること。その理由はアメリカの財政が破産する危機が迫っているからです。現在、米国債の残高は36兆ドル、日本円で5300兆円もあります。

　このうち、2025年に満期を迎える国債は約9.2兆ドル。政府はこれを償還するため、新たに同額の借り換えを行わなければなりません。加えて、年間の利払い費用も約9520億ドル（約140兆円）とされており、これは国防予算に匹敵する巨額です。

　米国債の償還は今後数年続きますから、可能な限り低金利に誘導しないと、巨額利払いが将来にわたって続くことになる。そういった事態を回避するため金利を下げるのに必死なのです」（前出のアナリスト）"
国際,5発明家ニコラ・テスラの「未来兵器」、ウクライナが黒海に解き放つForbes JAPAN4/8(火)19:30,https://news.yahoo.co.jp/articles/aa276d24de900d3988f1e74745e04ae5b2c1ed53,"ウクライナの新型無人艇「カトラン」のコンピューターモデル（Military Armored Company HUBのウェブサイト掲載の動画より）1898年、米国の著名な発明家であるニコラ・テスラは新たな発明品を発表する。それは、戦争のあり様を一変させるはずだとテスラが確信していたものだった。小国が大国を寄せ付けないようにできる「無線操縦式ボート」である。【画像】ウクライナ軍で大きな成功を収めている無人水上艇（USV）「世界の最も弱小な国であっても、自国の沿岸を安全にできる、あるいは自国の港を世界の連合艦隊による攻撃から守り抜くことができる、そんな兵器を早急に配備することが可能なのだと世界中の国々が将来知ることになれば、戦争はもはやできなくなるでしょう」とテスラは予言した。「戦艦は製造されなくなり、どんなに強力な装甲艦も、どんなに巨大な艦載砲も鉄くず同然のものと化すのです」

言うまでもなく、この技術が成熟するにはテスラの見込みよりも長い時間がかかった。だが、ウクライナはこのほど、魚雷を搭載するドローンボート（無人艇）を発表した。この新兵器はテスラの予言を成就することになるかもしれない。

■黒海のロボット群

ウクライナはすでに黒海で、小型のロボット高速艇をロシア軍の軍艦に差し向けて非常に大きな成功を収めている。これらの無人水上艇（USV）による攻撃のほとんどは、爆発物を積んだUSVが敵艦に体当たりして爆発する自爆攻撃だった。

アナリストのH・I・サットンが詳細に記録しているように、ウクライナはUSVやドローン（無人機）、長射程の対艦ミサイルなどによる攻撃で、ロシア海軍の黒海艦隊を押し下げることに成功した。その結果、ウクライナは黒海経由でも穀物輸送を継続できるようになった。

ウクライナはこれまでにUSVを少なくとも15種類投入している。これには単純なジェットスキータイプから、市販のボートを転用したもの、あるいは特製の「シーベビー」などがある。シーベビーはロシア占領下クリミアのケルチ橋への攻撃にも使われた。

ウクライナの無人艇は進化し続けており、地上の目標を攻撃するための無誘導ロケット弾や、空中の敵機を迎撃するための地対空ミサイルで武装するタイプもある。地対空ミサイル搭載型の1隻は昨年12月、ロシア軍のヘリコプターを撃墜し、無人艇による空中目標の撃破という史上初の戦果をあげた。

もっと最近では、ウクライナのUSVは小型のFPV（一人称視点）攻撃ドローンも積載するようになっている。母船から発進したドローンは、レーダーや地対空ミサイルシステムといった沿岸目標を攻撃している。"
経済,1「今や世界が変わってしまった」－市場激変で戦々恐々のウォール街Bloomberg4/8(火)11:06,https://news.yahoo.co.jp/articles/43aff7e528e4c6398b3fc65bec37e1a78add17c4,"The New York Stock Exchange (NYSE) in New York, US, on Monday, April 7, 2025. Photographer: Michael Nagle/Bloomberg（ブルームバーグ）： トランプ米大統領は近いうちに経済だけでなく金融市場の根幹すら壊しかねないとの懸念がウォール街で広がっている。アジアと欧州の株式市場が３営業日連続で下落した後、米Ｓ＆Ｐ500種株価指数は７日、わずか0.2％安にとどまり、2020年の新型コロナウイルス禍以降で最大の下げ局面にひとまず歯止めがかかった。ただ、水面下では不安が続いている。市場全体で異常な値動きが観測され、株式や債券の指標は大きく変動。リセッション（景気後退）懸念と金融市場の混乱を背景にトランプ氏が方針を転換するとの期待が交錯している。ニューヨーク時間午前10時前には株価が切り返し、数分のうちに安値から８％余り上昇。トランプ氏が関税を延期するとのうわさがウォール街に駆け巡ったためだが、うわさが誤りだと判明するや否や、株価は下げに転じた。一方、国債市場では不可解な値動きが続き、利回りは終日上昇。米10年債利回りは約20ベーシスポイント（ｂｐ、１ｂｐ＝0.01％）上昇し4.19％を付けた。入札における海外投資家の買い控え懸念、貿易停滞による政府債務急増への警戒感、投資家が資金需要を満たすために流動性の高い資産を積極的に売却する「キャッシュへの駆け込み（dash-for-cash）」の兆候などさまざまな説が飛び交った。こうした中、投資家らは短期金融市場に異変が起きていないか神経をとがらせており、大手銀行やディーラーがダメージを受けるリスクも意識されている。マクロ・インテリジェンス２パートナーズの共同創業者ジュリアン・ブリグデン氏は「この市場で取引するのは非常に難しい。ストレスが大きく、非常に厄介だ」と指摘。「今や世界が変わってしまったという考えを人々はまだ受け入れられていない」と警鐘を鳴らした。世界の株式市場では過去３営業日で約10兆ドル（約1475兆円）の時価総額が消失。市場では世界金融システムに対する差し迫ったリスクは小さいとみられているものの、世界全体の経済見通しが急速に悪化するにつれ、社債発行の見送りやデフォルト（債務不履行）リスクを示す指標の急上昇など市場にかかるストレスの兆候は積み上がっている。"
経済,2「朝食はコンビニで」温泉旅館で素泊まりが増加　旅館は困ると思いきや…宿泊客と”ウィンウィンの関係”？　有馬温泉で徹底調査ABCニュース4/8(火)18:30,https://news.yahoo.co.jp/articles/2d8133cb68b328dad6e7756ceb96ca90cf76df37,"温泉旅館で”素泊まり”が増加中!?人気の宿泊先といえば、やっぱり温泉旅館。ところが今、食事を付けない”素泊まり”を選ぶお客さんが増えています。1泊2食付きが定番だった温泉旅館で何が起きているのか。「関西の奥座敷」と呼ばれる有馬温泉でその謎を徹底調査しました。【動画で見る】有馬温泉に生まれた素泊まり限定の宿宿で食事を取らない人が増えている？有馬温泉で街頭調査中高年の4人は朝食を買うためにコンビニへ神戸の中心地から電車で約30分。日本三古泉の一つに数えられ、豊臣秀吉も愛したと言われる有馬温泉。宿に泊まる人たちに旅のプランを聞いてみると…。

■中国地方から来たという中高年4人組
「素泊まりです」

Q：きょうは何を召しがったんですか？
「お好み焼き、鉄板焼き」

Q：どうして夕食を外で食べることに？
「温泉街を歩きながら何か美味しいものを食べたいっていうのと、食べに行った方が安い」

Q：4人で夕食代はいくらぐらい？
「1万3千円。お酒も飲んで、いろいろ食べて。宿で食べると1人1万円くらいはするかな」

Q：素泊まりで朝食がなかったら困りませんか？
「コンビニに行こうかなと」20代の女性3人は「ご飯は重視していない」▼20代の看護師3人組
「食事付きだと高いところが多いから、外で食べる前提で宿をとった」

Q：食事は外で良いか、3人で確認はありましたか？
「言ってない。あえて確認まではしてない」
「温泉街に行くことが目的。そこでのご飯は重視していなかった」

Q：友達や恋人と旅行するときに、宿で食事を付けますか？
「付けたことない」
「ホテルで食べるより、他のところで食べてそこにしかないものとか、お店や雰囲気を味わいたい」

ということで、和食店で釜めしを楽しんだそうです。

有馬温泉で20人ほどに街頭インタビューした結果、若い人たちだけでなく、中高年の旅行客でもコスパ重視で「宿で夕食をとらない」という人や、外で食事をして「温泉街の雰囲気を味わいたい」という声がありました。”夕食ナシ”が1年で3倍に急増　温泉旅館のホンネは…有馬温泉の旅館「古泉閣」有馬温泉の旅館でも、食事を取らないお客さんがどれくらいいるのか聞いてみました。1956年開業、6万坪の広大な敷地にロッジや料亭などを抱える「古泉閣」では2023年7月から夕食なし、朝食付きのプランを始めました。"
経済,34月～6月に残業をすると「手取り」が減ると聞きました。これってどういうことでしょうか？ファイナンシャルフィールド4/8(火)18:30,https://news.yahoo.co.jp/articles/857e9b9103ad097b08affb69c0acf2a7ff55e149,"4月～6月に残業をすると「手取り」が減ると聞きました。これってどういうことでしょうか？4月・5月・6月に残業すると手取りが減るといった話を耳にしたことがある人もいるでしょう。ではなぜそのような話が出てくるのか、本当はどのような仕組みになっているのか、かんたんに解説します。▼3～5月は「残業」が多いと損をする!? 保険料を抑えるコツとは？4月～6月の残業は損？手取りが減るのはなぜ？まず前提として、勤務先から支給される給料から税金や社会保険料などを差し引かれた金額が「手取り」になります。
 
実は、社会保険料の中には4月～6月に支払われた報酬に基づく標準報酬月額で計算される仕組みになっているものがあります。そのため、その時期に残業が多いと受け取る報酬額が上がる＝給料から天引きされる社会保険料が高くなる＝手取りが少なくなるといわれるのです。
 
ただし、「4月～6月分の報酬」ではなく「4月～6月に支払われた報酬」をもとに決まる点に注意しましょう。たとえば3月に働いた分を4月に支給する勤務先の場合は、「3月～5月の残業が多いと手取りが減る」ことになります。
 
なお、4月～6月に支払われた報酬を基に計算された社会保険料が反映されるのはその年の9月からです。勤務先にもよりますが、実際に手取りが変わる（天引きされる社会保険料が増減する）のは9月もしくは10月になるでしょう。4月～6月の給料額が影響する社会保険料とは？どうやって金額が決まる？給料から天引きされる社会保険料のうち、健康保険料と厚生年金保険料の金額は、「標準報酬月額」によって決まります。標準報酬月額とは、勤務先から受け取る給与などの報酬を金額ごとに区切ったものです。
 
たとえば、報酬月額（毎月の給与など）が29万円～31万円の人は「標準報酬月額30万円」となります。
 
全国健康保険協会東京支部の「令和7年3月分（4月納付分）からの健康保険・厚生年金保険の保険料額表」によれば、「標準報酬月額30万円」の人が負担する健康保険料は1万4865円、厚生年金保険料は2万7450円です。
 
標準報酬月額は、毎年4月～6月の報酬額をもとにして9月から改定されます（定時改定）。ただし、昇給や降給などがあって報酬額が大幅に変わった場合は、定時改定の時期以外でも「随時改定」が行われます。
 
前述の例の人が、3月～5月に残業が増えて4月～6月の給与額が上がり、報酬月額が31万円～33万円になったとしましょう。その場合、「標準報酬月額32万円」になり、従来から1等級上がることになります。
 
その結果、負担する健康保険料は1万5856円（＋991円）、厚生年金保険料は2万9280円（＋1830円）に増えます。
 
社会保険料が上がると手取りが減るので嫌だと感じる人も多いでしょう。ただし、厚生年金保険料を多く払っている分、もしものときの傷病手当金や将来受け取る厚生年金などの金額が増えるというメリットもあります。"
経済,4前代未聞の「ETC障害」で1台ずつ「お金払ってくださいね」の情けなさ レーンも料金所も「もう不要」の海外乗りものニュース4/8(火)15:12,https://news.yahoo.co.jp/articles/e6ab9b3cc2c1ae115ca4e56fc67adc4cbb10e6c6,"大渋滞が起きたり危険が生じたりしても「お金は払ってくださいね」前代未聞のETC障害で、NEXCO中日本管内の8都県、106か所で大渋滞が発生。写真はイメージ（画像：写真AC）ボンヤリとテレビのニュースを眺めていると、見慣れた中央自動車道の料金所での大渋滞の映像が入ってきました。2025年4月6日（日）未明から、中央道や東名高速などでETC障害が発生し、料金所で職員が1台1台に通行料金の後払いをするためのQRコード付きの紙を配っており、そのために大渋滞が起きている様子を伝えていました。【え、これだけ!?】台湾のETCは「シール1枚」（写真）前代未聞の事態です。その後「職員が1台1台説明する」はなくなり通行フリー（後日、自己申告による支払い）になりましたが、NEXCO中日本も相当テンパっていたであろうことはよくわかるし、そもそものETC障害についての批判はここではしません。

　しかし、筆者がすごくモヤモヤしたのが、この「職員が1台1台に通行料金の後払いをするためのQRコード付きの紙を配る」という極めてアナログな作業でした。

　高速道路は交通における大事なインフラです。また、言うに及ばず「場合によっては凶器にも変わる」クルマが無数に通行するのも高速道路。最悪、管理側の不手際が原因で事故に至れば人間を死に陥れる可能性もあります。実際、愛知県内の高速道路では、この大渋滞のさなか合計6件の交通事故があり、11人が怪我をしたという報道もありました。

　そんな緊急事態の中で、「お金は絶対払ってくださいね」と職員が「レーン代わり」となり、1台1台に事情を説明するというのも非現実的で、ETC障害そのものはさておき、この辺の危機管理の甘さと「僕らが起こしたトラブルではあるけど、それでもしっかりお金は取るぞ」という姿勢に、なんだかモヤモヤしたのです。料金所やETCレーン、そもそも要らなくね？さらに言うと、筆者はそもそもあの料金所やETCレーンというもの自体も、前時代的というか「要らない」とも思っていました。

　筆者は仕事の都合で18年間、台湾でクルマを運転しています。2014年以降、台湾の高速道路では料金所が姿を消し、全線にわたって一般道路と高速道路を自由に出入りできるようになりました。

　当初、筆者は「さすが台湾！ 高速道路の無料化を実施したのか」と大喜びし、高速道路を使いまくりましたが、レンタカーを業者に返す際に愕然としました。そこでは、レンタカーを利用していた間の、高速道路の通行履歴が全て叩き出されており、その通行料を一括請求されました。"
経済,52025年10月から《生活保護》の生活扶助が2年間「毎月500円」増額！生活保護世帯はどれくらいいる？LIMO4/8(火)20:02,https://news.yahoo.co.jp/articles/bb82fc1e4411dfb82c98b3423bc8167bf73e89f2,"tkyszk/shutterstock.com2025年10月から生活保護の扶助額に変更があり、2年間毎月500円が上乗せされます。◆【表でチェック】生活保護費を受給する世帯はどれくらいいる？扶助が上乗せされるのはなぜでしょうか。

また、生活保護の受給世帯は国内にどれくらいあるのでしょうか。この記事では、生活保護の扶助増額理由と生活保護の受給世帯について解説します。

※編集部注:外部配信先ではハイパーリンクや図表などの画像を全部閲覧できない場合があります。その際はLIMO内でご確認ください。生活保護の生活扶助とは？生活保護は、健康で文化的な最低限度の生活や自立した生活を営むために、困窮する人の生活を保護し支援するものです。食料品や住居、医療など、日常の支出に関する扶助を受けて、生活の立て直しを図ります。

扶助される金額は、世帯や居住地域によって異なる「最低生活費」から収入を差し引いた金額です。東京都の場合は、約13万円が最低生活費とされています。

なお、生活保護を受けるには、以下の要件を満たす必要があります。

　・資産の活用:預貯金や生活に利用されていない土地・家屋などがあれば売却して生活費に充てること。
　・能力の活用:働ける場合は、能力に応じて労働すること。
　・あらゆるものの活用:年金や手当など他の制度で給付を受けられる際は、それらを優先して活用すること。
　・扶養義務者の扶養:親族などから援助を受けられる際は、援助を受けること。※それでもなお収入が最低生活費に満たない場合は、保護を適用する。
生活扶助は、食費や光熱費のように日常生活において最低限必要な支出に対して扶助するものです。支給額は、住む自治体によって決まる「級地」によって異なります。計算式は、以下のとおりです。

　・生活扶助=生活扶助基準（第1類+第2類）+特例加算+生活扶助本体における経過的加算※生活扶助基準第1類・第2類:級地や年齢、世帯人数によって定められている金額※特例加算:1人あたり月額1000円の加算額※生活扶助本体における経過的加算:級地や年齢、世帯人数によって加算される金額
4月からは、特例加算が500円上乗せされ、加算額が1500円となる見込みです。生活扶助の上乗せについて、次章で解説します。"
経済,2「コメ」ではなく「海苔」が高騰　セブン-イレブンが「手巻おにぎり」4種類値上げ　4月15日からTBS NEWS DIG Powered by JNN4/8(火)14:54,https://news.yahoo.co.jp/articles/eeb951269d9b7156d3a3ff3ffb9ed2a4303a0252,"TBS NEWS DIG Powered by JNNセブン-イレブンのおにぎりが「コメ」ではなく「海苔」の影響で値上げです。

海苔の価格が上昇していることを受け、海苔を使用した一部のおにぎりを来週15日から税込みで最大16円値上げします。【画像で見る】物価高が“お花見熱”直撃 去年から倍増している「ひとり花見」「手巻おにぎり 北海道産昆布」と「手巻おにぎり 梅」は、162円から178円に。「手巻おにぎり 炭火焼熟成紅しゃけ」と「手巻おにぎり 具たっぷり辛子明太子」は、199円から213円に引き上げます。TBSテレビ"
経済,3【速報】日経平均株価 終値3万3012円　過去4番目の上げ幅テレ東BIZ4/8(火)15:38,https://news.yahoo.co.jp/articles/5f01721ae659c1a88c1fe67069ba01381e325bf2,日経平均株価 終値3万3012円 過去4番目の上げ幅8日の東京株式市場の日経平均株価は、きのうの急落から一転、大幅上昇し、終値は1876円高の3万3012円で、過去４番目の上げ幅となりました。
経済,1「かなり厳しい」平均給与での生活…月の手取り「34万円」前後の暮らしぶりTHE GOLD ONLINE（ゴールドオンライン）4/8(火)19:12,https://news.yahoo.co.jp/articles/22066a4f6a2df71d954e12b3e27a6c4176072df1,"（※写真はイメージです／PIXTA）国税庁の調査によると、正規社員の平均給与は年間530万円「令和5年分 民間給与実態統計調査」）、手取りにすると415万円ほどです。平均なので、この金額より大幅に高い層が押し上げている可能性を考えると、ピラミッド型のように低い層も大量にいることが予測されます。年間で手取り415万円、月割りにして34万円では、どのような暮らしぶりになるのでしょうか。その実態に迫ります。【ランキング】全145職種「平均給与」ランキング…＜令和5年賃金構造基本統計調査＞月の手取りは「約34万円」正規社員の平均給与は530万円。手取りでは年収約415万円、月収にして約34万円となります。家賃は手取りの1/3から1/4くらいが良いとされていることを考えると、8.5万円〜11万円くらいでしょうか。都内周辺の1人暮らしの家賃相場は、1Kなら7万〜8万円ほどなので、贅沢しなければ十分に暮らせそうです。

ちなみに「令和5年 賃金構造基本統計調査」によると、初任給は大卒で23万7,300円。社会保険料などが控除されると、手取りは18.5万円ほどになります。月収が手取りで15万円ほど増えるにはどのくらいの期間が必要か……と考えると、「平均」になるのはかなり難しいように感じます。

そんなハードルの高い「平均」ですが、実際にはどのような暮らしぶりになるのでしょうか。手取り33万円から35万円の範囲のサラリーマンに話を聞きました。「子どもの心に、大人の財力」で老後の備えはナシ34歳、エンジニアとして働く神谷さん（仮名）の貯金は50万円だそうです。

「家賃は7.5万円、食費や光熱費もだいぶ節約しています。合計で3万円くらいかな。そのぶん、毎月趣味に費やしてしまっていますが。多いときで月20万円くらい使っちゃったことありますよ。平均だと月12〜13万円くらいですかね。貯金は50万円くらいしかありません。ビットコインとか買ってみたいけど、税金がめんどくさいと聞いて、手を出せていません」

老後のための備えは考えているのでしょうか。

「老後って言ってもまだまだ先だし、ちょっと考えられないですよね。その前に結婚だったり、子どもが生まれたら教育だったり、お金がかかりそうですし。現在の貯金も余った分がプールされているだけで、“何かのために計画的に”というワケではないですね。欲しいものがあったら買っちゃうし、疲れたら仕事辞めようと思うので、そのときのために。とりあえず、“子ども心に、大人の財力”をモットーに、好きなことに好きなだけお金をかけて人生を楽しもうと思っています」"
経済,250代の4分の1は貯蓄ゼロ…荻原博子が「年収700万円が低所得になる日は近い」と言い切るこれだけの理由プレジデントオンライン4/8(火)16:36,https://news.yahoo.co.jp/articles/64d9ee566aefaf7e23f49e67cea9848751297886,"※写真はイメージです - 写真＝iStock.com／ShutterOKなぜ日本の子育て世帯の家計はこんなにしんどいのか。経済ジャーナリストの荻原博子さんは「たとえば年収700万円以上を得る男性は全体の約24％だ。しかし、上位4分の1に入っていても『余裕のある勝ち組』とは言えなくなりつつある」という――。【図表】50代の平均貯蓄と中央値■年収700万円でも貯金ができない

　年収700万円といえば、わが国では「裕福だ」「暮らしに余裕がある」と思っている人が、まだ多いと思います。

　国税庁の「民間給与実態統計調査」によれば、2023年の民間の給与の平均は460万円。年収700万円は民間平均給与の1.5倍以上で、しかも、700万円以上の給料をもらっている人は、男性だと全体の約24％しかいないのですから、誰が見ても明らかに裕福な勝ち組に見えます。

　けれど、本当に年収700万円が裕福だと言えるかといえば、微妙。

　なぜなら、年収は年齢によっても変わり、25歳から29歳の男性の平均年収は429万円ですが、50歳から54歳の男性の平均給与は689万円、55歳から59歳の男性の平均給与は712万円。

　つまり、50代の会社員が大黒柱のご家庭にとっては、年収700万円というのは、ごく普通の年収ということになります。

　しかも、50代の中には、普通どころか家のローンや子どもの教育費その他で出費も多く、貯金したくてもできないという人が意外と多くいます。

　平均的な年収が700万円前後の50代世帯の家計には、どれくらいの貯蓄余力があるのでしょうか？

　金融広報中央委員会(日本銀行)の「家計の金融行動に関する世論調査」(令和5年)では、50代で3000万円以上の貯蓄があるという人が約1割いますが、逆に約1割の人は100万円の貯蓄もないという状況。

　しかも、50代の2人以上世帯の平均貯蓄額は1147万円ですが、これを中央値で見ると約300万円。中央値というのは、調査したデータの数字を小さいほう(または大きいほう)から順番に並べた時に真ん中に来る数字なので、より現実に近いと言えます。

　この中央値が300万円ということは、つまり、約半分の人は貯蓄が300万円に満たないということ。ここには、貯蓄がないという人も含まれていて、なんと50代で貯蓄がない割合は27.4％です。

　しかも、2023年の調査では、貯蓄できなかったという人が28.1％もいて、こうした人も含めて、貯蓄できた人が10％未満と全体の半分以上を占めています。

　つまり、ひと握りの貯金が多い人が、全体の貯蓄額を引き上げているということで、実際には裕福と言えるほどの貯蓄を持っていない人が多いということです。

　50代といえばそろそろ老後生活を意識しはじめる年代。ところが、金融広報中央委員会の「金融リテラシー調査(2022年)」の調査では、必要となりそうな老後資金が確保できそうにないという人が7割以上いました。

　こうした数字を見ていると「余裕の暮らし」とは程遠い実態が見えてきます。

　なぜこんなことになっているのでしょうか。"
経済,3自社株を買ったら「約8億円の資産」に化けた…「最高年収4110万円」だけではない、伊藤忠「異次元の賃上げ」の全容プレジデントオンライン4/8(火)8:17,https://news.yahoo.co.jp/articles/4a5e7549f9aab9a21b5a8ed323d504e196e4ab09,"伊藤忠商事の岡藤正広会長 - 提供＝伊藤忠伊藤忠商事は、五大商社の中でも大学生の就職人気ランキング上位の常連だ。学生に「入社したい」と思わせる強みはどこにあるのか。岡藤正広会長に迫った『伊藤忠 商人の心得』(新潮新書)を出した、ノンフィクション作家の野地秩嘉さんが解説する――。【写真】伊藤忠商事の岡藤正広会長※本稿は、野地秩嘉『伊藤忠 商人の心得』(新潮新書)の一部を再編集したものです。

■社員のやる気を引き出したいなら給料を上げよ

　日本、日本企業を成長させるのに必要なのはなんといっても人材だ。商人経営者の岡藤は「優秀な人材を海外企業に奪われないようにする」ことが重要と言っている。

　「先ず隗より始めよ」で伊藤忠は賃金を上げてきた。

　彼は社長に就任してすぐに報酬体系を見直している。「ひとりひとりの社員を元気にする」ため、それまで「組織」「個人」「全社」の業績に連動する形で決めていた報酬体系から、「組織業績」の要素を取り去った。理由は次のようなものだ。

　当時の報酬体系ではたとえ新入社員であっても、業績好調な組織に入ることさえできれば、高い報酬を得ることができた。しかし、それはフェアとは言えない。なんといっても業績の基盤を確立したのは新入社員ではなく、組織の先輩たちなのだから。たまたま好業績の部門に配属されたから高い報酬が手に入るのでは、全社員の士気を高めることにつながらない。

　確かに組織連動型の報酬体系は部門間の競争意識を高めることができる。一方で、部門間の業績に開きが出ると、儲かっている部門とそうでない部門の社員のやる気に差が出てしまう。そして、組織業績を偏重すると強調されていたら、苦戦している部門を志望する社員はいなくなる。そこで岡藤は報酬体系を変えた。

■給与は、「正論」だけでは解決できない

　「社内から反対の声もあったのだが、思い切って変えた。その結果、これまで業績があまり上がらなかった部門の人間も頑張り出した」

　社員のやる気を引き出すには労働環境の整備もさることながら、やはり報酬を引き上げることがいちばんなのである。

　2024年の秋にも岡藤は社員の報酬を引き上げる決断をした。

　「僕は三井物産、三菱商事の財閥系商社と遜色ない給料を払うのが重要と思ってきた。だから、財閥系商社に負けないように配慮してきた。少し前までは伊藤忠がトップだったが、三菱、三井が給料を上げたので三番手になってしまった。

　人事が何とかしてくれと言ってきた。『伊藤忠は就職の人気ランキングでトップを続けている。学生は総合商社の平均年収の額を見ています。何とかしてください、会長。給料を上げたいです』と。

　人事は学生たちが三菱、三井に流れてしまい、伊藤忠には来なくなるというんや。人事には最初、『本来は平均年収を上げなくとも優秀な人間を採用するのが人事の仕事と違うんか』と正論で返したけど、正論だけでは解決できないなとは僕もわかっていた」"
経済,4JR東日本・JR東海・JR西日本がコラボ、「新幹線アイス」の完成度　各社の客室乗務員が本気で企画、その味わいは？東洋経済オンライン4/8(火)4:32,https://news.yahoo.co.jp/articles/dc513c4cfd24d3f71a869ae9c2d101368d05e794,"プレスリリース用の写真撮影のために岡山に集結した3社8人。背景に写るのはJR西日本山陽新幹線の中でも人気の高い500系（2025年1月30日筆者撮影）JR東日本、JR東海、JR西日本。同じホーム上に決して交わることのない3社のパーサーやアテンダントが山陽新幹線岡山駅のホームに集結した。2025年1月30日、それぞれの制服をまとった8人が500系新幹線の前で写真撮影を行った。【写真を見る】500系同様に山陽新幹線でしか見られない700系「Rail Star」バージョンも撮影した。3社8人の“アイスに負けない固い結束”そのプロジェクトの裏側は？彼女たちが手に持っているのは、新幹線ユーザーにこよなく愛され続けている「アイス」だ。

■会社の垣根を超え、“3社共創”で新フレーバーを考案

　品質保持の理由で固く冷凍されていることから、「シンカンセンスゴイカタイアイス」の名前で知られる車内販売アイスクリームだが、このたび、JR東日本サービスクリエーション(J-Creation)、JR東海リテイリング・プラス(JR-PLUS)、ジェイアール西日本フードサービスネット(FSN)が会社の垣根を超え、“3社共創”で新フレーバーを考案した。3月15日より、各社が車内販売を実施する新幹線・特急、ホーム上のアイス自販機などで販売を開始した。

このフレーバーを考えたのは2024年8月19日付記事(JR東・東海・西「新幹線アイス」でコラボ商品の狙い)にあるとおり日夜新幹線に乗務し車内販売を行っている、先の8人のパーサー・アテンダントたち自身だ。

　今回で3例目となる本プロジェクトの発足は2024年6月。各社を代表したメンバーが北は盛岡、南は博多の拠点からJR-PLUS東京本社に集結し、過去2回販売した東日本、東海エリアをモチーフにしたフレーバーに続き、西日本を舞台にした新フレーバーのプレゼンを実施。実際に商品製造する、スジャータめいらくの担当者も同席し、実現性や原材料確保などを考慮しフレーバーを考察した。新幹線の運転本数は膨大で、同じ会社内でもメンバー同士が顔を合わせる機会はまれ。初回は会議室全体が緊張した空気に包まれていたことを、筆者もよく記憶している。

■アイス会社の担当者がプロの視点で吟味

　続いて、9月に行われた2回目の会議では、先のプレゼンで好評だったフレーバーの中から、製品化可能な3フレーバーを選出。初回会議では「パインアメ」や「もみじ饅頭」といった、西日本に由来する多角的な案が提出されたが、製造機器の対応や「産地や原材料名を限定すると高コストになるほか、原材料確保が難しい傾向がある」とスジャータめいらくの担当者がプロの視点で吟味。結果として、西日本を主題にしたアイスであることをすぐに伝えられるように産地名を前面に出しつつ、実現性の高い岡山白桃、岡山シャインマスカット、岡山ピオーネの3種の試食が用意された。"
経済,5Switch 2、ソフマップ・エディオンにて抽選販売が決定。4/24受付開始PHILE WEB4/8(火)18:38,https://news.yahoo.co.jp/articles/27e9da35b221c03c7983d0f3e09b38d5f18412d8,詳細は後日発表家電量販店のソフマップ、エディオンは6月5日（木）発売の「Nintendo Switch 2」の抽選受付を4月24日（木）より行うと発表した。【4月8日更新】Switch 2、量販店の予約はどうなる？ Amazon、ヨドバシ、ビック、ヤマダなどの現状「4月24日以降、準備が整い次第、順次予約または抽選の受付を開始する」との任天堂の案内の通り、同日から抽選受付を開始する格好。受付期間やエントリー条件といった詳細については両店舗ともに決定次第、告知をおこなうとのことだ。PHILE WEB編集部
エンタメ,1〝広末涼子逮捕〟ピタリ的中、話題の占い師にフォロワー驚愕「当たりすぎてもうちょっと怖い」「先程耳を疑うような速報が…」西スポWEB OTTO！4/8(火)15:55,https://news.yahoo.co.jp/articles/ab1e104194ca85b58ce740b6f650073be996a2f8,"▼3月には芸能人の活動休止・重大発表を予言お笑いタレントで占い師のLove Me Do(49)が、3月31日にYouTubeに投稿した〝予言〟動画の内容が「当たっている」と再び話題になっている。■「見ててつらい…」「太った」広末涼子の近影【写真】Love Me Doは自身のYouTubeチャンネル「占いTV Love Me Do ラブちゃん」で「2025年4月の予言」と題した動画を投稿。冒頭で「2025年4月は庚辰の月。この月は転がり落ちる出来事が待ち受ける月」と4月の総体的な運勢の意味合いを説明。さらに日別の運勢では「4月6日・7日・8日は逮捕のニュースが出やすい」「精神的に辛くなりやすいとき」「4月8日・9日・10日の期間は有名人の方の休養や活動休止のニュースが出やすい」などと指摘している。

　これらが広末涼子容疑者の逮捕を指しているのではとSNSで話題になっている。広末の個人事務所HPでは「広末涼子の逮捕について」と題し、「4月8日静岡県内にて本人が運転する車による交通事故を起こし、搬送先の病院において一時的にパニック状態に陥った結果、医療関係者の方に怪我を負わせてしまいました」と状況説明。当面の間、芸能活動を自粛することが発表された。

　SNS上では「今日、ありましたね」「当たった…」「当たりすぎてもうちょっと怖い」「loveちゃんの言葉通り、先程耳を疑うような速報が…」「日本だけでは無く韓国のも当たってる」などのコメントが寄せられている。▼お酒のトラブル・飲酒運転も予言広末涼子（インスタグラム@ryoko_hirosue_official）「4月6日・7日・8日は、お酒のトラブル、飲酒運転などに注意の日。酔っ払って問題を起こさないように注意しましょう」という指摘も行っており、フォロワーの間では郵便配達員の飲酒運転事故や、歌手・BoAが酔った状態で行ったライブ配信が問題となった1件がこの指摘に当てはまるのではとのコメントも見受けられた。

　Love Me Doは3月10日に発表されたダウンタウン・浜田雅功の体調不良による休養を言い当てているのではと話題になっていた。#エンタメQ"
エンタメ,2沢尻エリカ　激変した近影にネット騒然「ビビった」「別次元の生き物すぎる」「３９歳？！」女優復帰から１年スポーツ報知4/8(火)11:55,https://news.yahoo.co.jp/articles/85be31ac979bbb00c534d022a1172c2fb9221026,"沢尻エリカ女優の沢尻エリカが８日に３９歳の誕生日を迎え、イメチェンした近影がネットで反響を呼んでいる。【写真】「別次元の生き物」現在の姿に衝撃この日、沢尻はカラーコンタクトブランド「Ｋａｉｃａ（カイカ）」のイメージモデルに就任することを発表。「ナチュラルがコンセプトだったので、自分自身も自然体で撮影できるように意識しました」とコメントした通り、黒髪ボブでメイクも自然な最新ビジュアルが同ブランドのＳＮＳにもアップされた。

　沢尻は昨年２月に舞台「欲望という名の電車」で約４年ぶりに女優復帰。初舞台初主演となった同作品では派手な金髪で圧巻の演技を見せたが、今回は２００５年のフジテレビ系ドラマ「１リットルの涙」のヒロインを連想させるような清そ系の雰囲気にガラリ。

　Ｘ（旧ツイッター）では「沢尻エリカ」がトレンドワートに浮上し、ネットは「沢尻エリカ様は本当に魅力的」「久しぶりにお見かけしたけど変わらずきれい」「綺麗すぎてびびった」「３９歳でこの透明感出せるのすごくない？」「美人だね。目が覚めたわ」「さすが女優というか別次元の生き物すぎる。すごすぎるよ沢尻エリカ」と美ぼうに騒然。「３９歳になったの？！大人になったねぇ」「沢尻エリカ（３９）にビビった」と年齢にも驚いていた。報知新聞社"
エンタメ,3サンド富澤、ライブ中に観客が次々と退席「帰るんですか！？」とたずねると、まさかの理由が…スポニチアネックス4/8(火)16:08,https://news.yahoo.co.jp/articles/d79284ee31d094fe7740dcda8d42625328b2c367,"富澤たけしお笑いコンビ「サンドウィッチマン」の富澤たけし（50）が8日までに自身のブログを更新し、ライブ中に観客が次々と退席した“まさかの理由”を明かした。【写真あり】五郎丸ポーズでラグビー日本代表にエールを送るサンド伊達6日にサンポートホール高松で、お笑いライブ「漫才サミット」が開催。サンドウィッチマン、中川家、ナイツ、きしたかの・岸大将ら豪華メンバーが出演したが、まだ途中にもかかわらず観客が退席し始めたそう。

　そこで富澤は「『帰るんですか！？』とたずねた」というが「『隣の会場でやるMISIAのライブに行きます』とのこと。どうやら隣のあなぶきアリーナ香川でMISIAさんがライブを2DAYSやっているようでした」とまさかの返答が。

　「『隣でMISIAが？あと15分で始まる！？早く行ってください！』と言うと数人がゾロゾロ移動。『他にもいたのかよ！』ライブのハシゴをするお客さんが数人退席。開場整理で少し開演が遅れたこともあり、最後まで見せられなくて残念。しかもこの後、企画で富澤が奇跡を演出！見せたかったー！！」とつづっていた。"
エンタメ,4SUSURU、6日アップの動画に批判殺到…非公開にし、視聴者に謝罪「皆様に不快な思いを…」スポニチアネックス4/8(火)19:23,https://news.yahoo.co.jp/articles/72336ae51b169b821041a6cfb74f2c7595d736c9,"SUSURUのX＠susuru_tvからチャンネル登録者数177万人を超える人気ラーメン系ユーチューバー・SUSURU（32）が7日に自身のX（旧ツイッター）を更新。7日にアップした動画に批判が多数寄せられた件について謝罪し、動画を非公開にしたと報告した。【画像あり】有名ラーメン店と揉めた後に謝罪する SUSURUSUSURUは「昨日の動画に関して、たくさんの反響を頂いており、いつも動画を視聴してくださる皆様に不快な思いをさせてしまい大変申し訳ありません。動画のコメントを読ませていただきまして、今回の動画に関しては非公開とさせていただきます」と報告。

　「お店からDMをいただき今回の撮影をする流れとなったのですが、私自身もっと企画を精査するべきだったと深く反省しております。普段から応援してくださる皆様の信頼を損ねるような動画となってしまい、大変申し訳ありませんでした」と謝罪した。

　「今後は企画の段階からより一層の配慮と確認を行い、関係者の皆様や視聴者の方々に誤解や不快感を与えることのないよう努めてまいります。改めまして、この度は多くの方々にご不快な思いをさせてしまいましたことを、心よりお詫び申し上げます」と締めくくった。"
エンタメ,5自称広末涼子容疑者逮捕「コップあふれてた」“本物”はTVで精神状態を激白したばかりだった日刊スポーツ4/8(火)10:48,https://news.yahoo.co.jp/articles/fdc6f77d07f454d37cfefdce4d5f93aca46ceca6,"広末涼子（24年9月撮影）静岡県島田市の病院で看護師を蹴るなどしてけがを負わせたとして、静岡県警掛川署が8日、傷害の疑いで、自称俳優広末涼子容疑者（44）を現行犯逮捕したことが、同署への取材で分かった。【写真】“別人級”激変の広末涼子の近影同署によると、逮捕容疑は8日午前0時20分ごろ、島田市内の病院で治療を待っていた最中に看護師の女性（37）を蹴ったり、腕を引っかいたりしてけがを負わせた疑い。認否などは明らかになっておらず、詳しい当時の状況など捜査中。看護師の女性は擦り傷を負ったという。同署によると、身分証明書などの照会はできなかったが、容疑者の外見などから女優の広末涼子本人と見られる。

　本物の広末涼子は先月28日、フジテレビ系「ザ・共通テン！」に出演。人気シェフ鳥羽周作氏とのダブル不倫騒動以来約2年ぶりに地上波全国放送復帰を果たしたばかりだった。

　広末は同番組で今後の人生について聞かれ「昔からたくさんお仕事させてもらって、精いっぱい自分ができる限りのことをやってきてたけど、多分本当はコップあふれてたんだと思うんですよね。だから、そうじゃないテンポで生きていきたい。で、自分の大切なものを大切にしていける形でお仕事をしながら、家族を守りながら生きていくのが一番の理想です」と思いを明かしていた。

　広末は「ザ・共通テン！」より前の2月12日、テレビ高知のローカル特番「広末涼子の高知でやりたい10のこと」に出演している。"
エンタメ,1俳優の広末涼子容疑者を逮捕、看護師への傷害容疑　活動自粛を発表朝日新聞4/8(火)7:00,https://news.yahoo.co.jp/articles/fd2fa85800aa10bbca284a5b30d165f0b418c908,"広末涼子容疑者病院で看護師を蹴るなどしてけがをさせたとして、静岡県警掛川署は8日、俳優広末涼子容疑者（44）=東京都世田谷区=を傷害容疑で現行犯逮捕し、発表した。認否を明らかにしていない。【写真】「リスタートする勇気が大事」　昨年語っていた広末涼子容疑者逮捕容疑は同日午前0時20分ごろ、同県島田市の病院内で看護師の女性（37）を足で蹴ったり、看護師の腕を引っかいたりするなどの暴行を加え、けがを負わせたというもの。

　署によると、広末容疑者は7日午後6時50分ごろ、新東名高速道路上り線で乗用車を運転して大型トレーラーに追突。同乗していたマネジャーとみられる男性と病院に搬送された。広末容疑者と男性は軽いけが。

　広末容疑者は治療を受ける前に看護師に暴行し、事故の調べに来た署員に逮捕された。病院内を歩き回っていたといい、看護師に制止され、暴行に及んだという。

　広末容疑者の事務所は8日、公式サイトでコメントを発表した。「このたび、弊社代表取締役の広末涼子が逮捕されました。静岡県内にて本人が運転する車による交通事故を起こし、搬送先の病院において一時的にパニック状態に陥った結果、医療関係者の方に怪我（けが）を負わせてしまいました。被害に遭われた方をはじめ、関係者の皆様に多大なるご迷惑とご心配をおかけしましたこと、心より深くお詫（わ）び申し上げます」としたうえで、「本人は当面の間すべての芸能活動を自粛する」としている。

■当初「自称」と報道した理由

　今回の傷害事件について、静岡県警は8日午前4時過ぎ、「自称俳優の広末涼子容疑者」の逮捕として報道各社に発表。約7時間後に俳優の広末容疑者だったとして2回目の発表をした。なぜなのか。

　当初の発表によると、容疑者の住所は「不詳」、職業は「自称　女優」、氏名は「自称　広末涼子こと廣末涼子　44歳　女性」だった。

　「自称」だからといって、本人が不正確なことを言っていたり、ウソをついたりしているとは限らない。

　一般に、警察はこうした広報をする場合、本人の可能性が高いとみていても、人違いなどを防ぐため、身分証明書などで、厳密に本人確認をしている。

　身分証を持っていなかったり、第三者による本人確認が難しかったりした場合は「自称」と発表することもある。

　職業についても、休日などで勤務先に連絡がつかない場合や、個人事業主の場合など、裏付けが難しい場合は「自称」とすることがある。

　今回の事件の場合、県警によると、広末容疑者は、車内に免許証を残してきた可能性はあるが、現行犯逮捕された際には身分を証明するものを持っていなかったという。

　こうしたことなどから「自称」として発表したが、本人の外見の特徴などから俳優の広末容疑者であるとみて捜査を続け、本人確認ができたため、2回目の発表をしたという。（小寺陽一郎）朝日新聞社"
エンタメ,2広末涼子容疑者の所属事務所が謝罪「心より深くお詫び」　芸能活動の自粛を発表【コメント全文】オリコン4/8(火)10:38,https://news.yahoo.co.jp/articles/605a31515835ebb28591792079bf68ecb95b8e0a,"広末涼子 （C）ORICON NewS inc.俳優・広末涼子容疑者（44）の所属事務所「R.H」の公式サイトが8日に更新され、広末容疑者の逮捕と謝罪コメントを発表した。【写真】「自分に嘘を…」涙ながらに…12月末に生き様を激白していた広末涼子サイトでは「このたび、弊社代表取締役の広末涼子が逮捕されました」と伝え「4月8日静岡県内にて本人が運転する車による交通事故を起こし、搬送先の病院において一時的にパニック状態に陥った結果、医療関係者の方に怪我を負わせてしまいました」と説明。

　続けて「被害に遭われた方をはじめ、関係者の皆様に多大なるご迷惑とご心配をおかけしましたこと、心より深くお詫び申し上げます」とし「現在、当該事案については捜査中であるため、詳細の公表は差し控えさせていただきますが、本人は当面の間すべての芸能活動を自粛する運びとなりました」と報告した。

　最後は「関係各所の皆様ならびに日頃よりご支援いただいているファンの皆様には、多大なるご迷惑とご心配をおかけいたしましたことを重ねてお詫び申し上げます」と記し「今後の対応につきましては、誠意をもって取り組んでまいります」と結んだ。

　広末容疑者は、1980年7月18日生まれ、高知県出身。『第1回クレアラシル「ぴかぴかフェイスコンテスト」』でグランプリを獲得しデビュー。NTTドコモのCM出演や、シングル「MajiでKoiする5秒前」のリリースなどで話題を集め、人気を博す。ドラマ『ビーチボーイズ』（97年）、映画『鉄道員』（99年）、映画『秘密』（99年）、映画『おくりびと』（08年）、NHK大河ドラマ『龍馬伝』（10年）など話題作に多数出演。2012年公開作映画『鍵泥棒のメソッド』では、『第36回日本アカデミー賞』で、優秀助演女優賞に輝いた。

　23年6月にダブル不倫が伝えられ、無期限謹慎処分に。7月にキャンドルアーティストのキャンドル・ジュン氏との離婚を発表した。24年2月に事務所を退所し、公式サイトを立ち上げ。25年3月末には、2年ぶりとなる全国テレビ出演を果たしていた。

◇コメント全文
広末涼子の逮捕について

このたび、弊社代表取締役の広末涼子が逮捕されました。

4月8日静岡県内にて本人が運転する車による交通事故を起こし、
搬送先の病院において一時的にパニック状態に陥った結果、医療
関係者の方に怪我を負わせてしまいました。

被害に遭われた方をはじめ、関係者の皆様に多大なるご迷惑と
ご心配をおかけしましたこと、心より深くお詫び申し上げます。

現在、当該事案については捜査中であるため、詳細の公表は差し
控えさせていただきますが、本人は当面の間すべての芸能活動を
自粛する運びとなりました。

関係各所の皆様ならびに日頃よりご支援いただいているファンの
皆様には、多大なるご迷惑とご心配をおかけいたしましたことを
重ねてお詫び申し上げます。

今後の対応につきましては、誠意をもって取り組んでまいります。

株式会社 R.H"
エンタメ,3《ワタシーーヒロスエーー!!》広末涼子容疑者「突然奇声をあげて」事故前後の奇行詳報「もともと独自の世界観の持ち主」と擁護の声も女性セブンプラス4/8(火)17:20,https://news.yahoo.co.jp/articles/cc0b45276f99ec67ebefd60f1ecf965bd92fab98,"台湾で久しぶりに歌を披露（インスタグラムより）《このたび、弊社代表取締役の広末涼子が逮捕されました》──4月8日、広末涼子容疑者（44才）が、静岡県島田市にある病院で看護師の女性に暴行して怪我をさせたとして、傷害容疑で逮捕された。すぐに彼女の個人事務所が冒頭のようにコメントを出し、《パニック状態》だったことも明かした。【グシャグシャに大破したジープ】周囲が心配するほどの事故。ミニスカに網タイツなど独自のファッションの広末「7日に静岡県内の高速道路で起きた事故が発端でした。広末容疑者が運転する高級外車が大型トレーラーに頭から突っ込むという交通事故です。その後、搬送された病院で傷害事件を起こしてしまったわけですが、その前後で彼女の奇行が目立っていました」（全国紙社会部記者）2人っきりの車中で異変交通事故を起こした当時は、関西地方で受けた仕事の帰り道だったという広末。長い旅路の途中、マネジャーと思しき男性と二人きりの車中で異変があったようだ。

「事故の直前、サービスエリアで目撃された広末容疑者は、一人で大声を出しながら歩いていたようです。自ら一般人に話しかけるシーンもあったようですが、広末容疑者とは気づかれなかったのか、そこまで騒動にはならなかったと聞いています」（前出・全国紙社会部記者）

その後、自らハンドルを握って再び高速道路へ。トンネル内で大型トレーラーに追突する事故を起こした。事故直後、駆けつけた高速隊に対し、広末は取り乱し、車が走る車線に飛び出したりと“奇行”を繰り返していた。高速隊が応援要請をするほどのパニック状態だったという。

「搬送先の病院でもその場でじっとすることができず、検査の前に院内をフラフラ歩き回っていて、それを止めた看護師を蹴ったり引っ掻いたりしてしまったのです。現行犯逮捕の際、大声で奇声を発していて、話を詳しく聞ける状態ではなかった。名前を聞いても“ワタシはーーー！ヒロスエーー！！”と声を張り上げたりするような感じだったそうで。ハンドル操作ミスなのか、前方不注意なのか、彼女がどういう経緯で事故を起こしたのかは現時点で釈然としていないそうです。

応急処置のあと、身柄は警察署に移されましたが、その後の取り調べも警察は苦労していて。取調室でも話が噛み合わない状態だと聞いています。今後、彼女に対してさまざまな検査が予定されているとのことです」（前出・全国紙社会部記者）"
エンタメ,1《病院の中をウロウロ…挙動不審》広末涼子容疑者、逮捕前に「薬コンプリート！」「あーー逃げたい」など体調不良を吐露していた苦悩…看護師の左足を蹴るNEWSポストセブン4/8(火)17:15,https://news.yahoo.co.jp/articles/cefd06eacbcb613010f531376050338b4a6e8896,"女優の広末涼子容疑者が傷害容疑で現行犯逮捕された（写真は2022年）4月8日未明、女優の広末涼子容疑者（44）が傷害容疑で現行犯逮捕された。静岡県警によると、広末容疑者は7日午後、新東名高速道路で乗用車を運転中に大型トレーラーに追突する事故を起こし、搬送先の病院で看護師にけがを負わせた疑いが持たれている。【写真】フロント左側がグシャグシャになった黒いジープ。広末涼子容疑者が大型トレーラーに追突した、事故現場の騒然とした様子も広末容疑者の個人事務所「R.H」は、《静岡県内にて本人が運転する車による交通事故を起こし、搬送先の病院において一時的にパニック状態に陥った結果、医療関係者の方に怪我を負わせてしまいました》と経緯を説明したうえで、当面の間、全ての芸能活動を自粛することを発表した。

　広末容疑者といえば、2023年6月に『週刊文春』で人気シェフの鳥羽周作氏（46）とのダブル不倫を報じられて、元夫であるキャンドル・ジュン氏（51）との離婚を発表したことが記憶に新しい。不倫騒動によってメディア露出は激減したが、少しずつ復活の兆しを見せていた。

　直近では、今年2月にテレビ高知で冠特番『広末涼子の高知でやりたい10のこと』が放送され、3月28日放送のバラエティ番組『ザ・共通テン！』（フジテレビ系）では、約2年ぶりとなるキー局でのテレビ復帰を果たした。さらに3月29日には、台湾最大級の音楽フェス「大港開唱　Megaport Festival」のステージに立っている。また、5月2日には都内で朗読会「星の王子さま　朗読と音楽が奏でる心の旅」に出演する予定だった（開催中止が決定）。

　しかし、多忙さの中で広末のコンディションはかなり悪い印象だったという。 “ヒロスエ”を長年応援してきた40代男性が証言する。「ヒロスエは、ファンクラブ『NEW FIELD』で自身の近況をこまめに伝えていたのですが、台湾の音楽フェス、朗読会など大きな仕事を控えているなか、咳などの体調不良に悩まされているようでした。

　3月中旬、病院に行っていたようで咳止め薬や気管支を広げるシール、あとは花粉症対策のための鼻水の薬、抗生物質などたくさんの薬を処方してもらったようです。本人も〈とりあえず全て薬コンプリート！〉などと投稿していて、心配になったのを覚えています。

　また3月上旬、仕事の打ち合わせでトラブルがあったようで、〈あーーやめたい　逃げたい〉と愚痴をこぼしてもいました 」（ファンの男性）

　広末容疑者は2024年2月、26年間所属した事務所を退社して独立。自ら個人事務所の社長を務め、女優業と二足のわらじで心労の多い日々だったようだ。"
エンタメ,3《これで軽症は奇跡》広末涼子容疑者「大型トレーラーに頭から突っ込み高級車が大破」本人は車線に飛び出しマネジャーはうずくまる女性セブンプラス4/8(火)16:03,https://news.yahoo.co.jp/articles/bf65703d62c0f2354c7b01554e3ce9a1d6d48025,"よく運転していた（2023年12月）「そもそも彼女の“奇行”は今に始まったことじゃないのですが、今回は交通事故で、“容疑者”となってしまった。非常に残念でなりません」【写真】グシャグシャに大破した広末の車。破片が飛び散る。ほか網タイツ美脚でマンションに入る広末など4月8日、傷害の疑いで静岡県警に現行犯逮捕された広末涼子容疑者（44才）を古くから知る芸能関係者はため息混じりにこう話した。

事件を起こしたのは、8日の深夜午前0時20分ごろ。静岡県島田市内の私立総合医療センターで治療を待っている最中に看護師女性の腕を引っかいたり体を蹴るなどの暴行をして、けがを負わせた疑い。看護師は軽傷だという。なぜか蹴ってしまったと事の発端は、7日午後6時50分ごろ、掛川市内の新東名高速道路で広末容疑者が乗車していた自動車が、大型トレーラーに追突した交通事故だった。乗用車には、同容疑者とマネジャーとみられる男性が同乗。2人とも大きなけがはなかった。

「掛川署によると、病院に搬送された広末さんは終始落ち着かない状態で院内を歩き回っていたそうです。看護師が治療のために呼び止めた際に暴れ、なぜか蹴ってしまったと。ちょうど交通事故の捜査で病院を訪れていた署員が、その現場を見て現行犯で逮捕したといいう流れです。

当初は同容疑者が運転免許証や健康保険証のような身分証明書を不携帯で身元の照会がつかなかった。ただ、本人が『広末涼子』を名乗ったことと、外見などから同署が俳優の広末涼子本人と判断。これが初報では“自称俳優の広末涼子容疑者”という、珍しい形で報道がされた理由です」（全国紙社会部記者）ふらふらと車道に飛び出したりSNS上では、同容疑者らが起こしたトンネル内の事故現場の写真が拡散中。黒の米国車ジープが前方を大破させて、助手席の扉などが開いたままでトンネルの右壁沿いに停車しており、前方には追突したとみられる大型トレーラーも写っている。車のパーツは路上に派手に飛び散り、同容疑者ら2人とトレーラー運転手に命の別状がなかったというのが、不幸中の幸いだったことを物語る凄惨さだ。

「あたり一面に広末さんの車のパーツが飛び散っていたそうです。トンネル内だったこともあり、事故の処理は簡単ではなかったようですね。この事故がきっかけで、大きな渋滞が起きていたようです。

事故直後、広末さんはふらふらと車道に飛び出したりしてかなり危険な状態だったそうです。マネジャーとみられる男性は地面にうずくまっていて、命に別状はないものの、けがの程度が気になります」（前出・全国紙社会部記者）

前出の芸能関係者は、「そのまま治療と精密検査を受けて無事であれば、その後は被害者への誠実な弁償対応で、ここまでの大事には至らなかったはず。デビュー時から育ててくれたプロダクションに残っていれば、スムーズにトラブル処理をしてくれていたでしょうに」と、再びため息を漏らした。"
エンタメ,4「2年に1回ぐらい、心の安定が崩れる」逮捕の広末涼子　元夫が漏らしていた“性質”女性自身4/8(火)15:00,https://news.yahoo.co.jp/articles/af2304ac1fb4fad7c8af6a15ee4faa310e525e68,"23年7月、本誌が目撃した広末／Copyright (C) 2025 Kobunsha Co.,Ltd. All Rights Reserved.「彼女は2年に1回ぐらい、仕事などいろんなことで心の安定が崩れ、今回もさまざまな人に連絡をして眠れなくなっていた」【写真あり】背中に大きな蜘蛛が…独特すぎる広末の私服妻に不倫されても愛を貫く“聖人夫”などと評された男は、“妻”の状態を当時そのように語っていた。’23年6月、妻であった広末涼子（44）のW不倫問題を受けて開かれた記者会見での“夫”の弁だ。会見の主は当時の夫・キャンドル・ジュン氏（51）。キャンドルアーティストとして、そして“広末の夫”として知られた。

夫が妻の精神の不安定さを語った日から、約2年が経つ。8日、静岡県警掛川署は傷害の疑いで広末涼子容疑者を現行犯逮捕した。静岡県島田市の病院内で、看護師の女性を蹴る、腕を引っかくなどしたという。

「’23年6月初旬、料理人の鳥羽周作氏と広末さんのW不倫を『週刊文春』が報じました。広末さんは取材に対し当初は不倫を否定しましたが、その後、事実関係を認め謝罪。所属事務所は広末さんを無期限謹慎処分に。この不倫によって映画のクランクインが延期、CMの契約解除など莫大な損害となりました」（スポーツ紙記者、以下同）

そんな妻の窮地に立ち上がったのが当時の夫、キャンドル・ジュン氏だった。

「報道陣の受付は自身で行い、“質問者と向き合って話したい”ということで、質問するメディアを自身の隣に座らせて質問をさせるなど、異例尽くしの会見が話題になりました」

さらに会見でキャンドル氏は終始、妻と子どもへの変わらぬ愛を語った。

「不倫を乗り越えて結婚生活を続けたい旨を伝えていました。そのなかで、広末さんが不倫に走った原因は“彼女の心の不安定さ”だとも話していました」

冒頭の言葉の他にも、

「（出会った当初の広末は）今とは180度違う人物で、心が不安定だった」（’23年6月18日のキャンドル氏の会見より、以下同）

「（多忙かつ不安定な芸能生活について）まじめな彼女は受け止めようとして心が壊れたと思う」

「（結婚してからも）過度なプレッシャーや不条理なことがあると、彼女は濃い化粧や派手な格好をして、誰かに連絡をしたり豹変する」

鳥羽氏との不倫報道以前も、トラブルが多かった広末。

「’99年に早稲田大学に入学。これは広末さんが悪いわけではないですが、マスコミやファンが殺到して3カ月不登校に。その2年後、’01年に主演した映画『WASABI』会見での号泣も話題に。この頃から“情緒不安定”などと報じられるようになりました。’01年には、タクシー無賃乗車事件も報じられています」（芸能関係者）

’17年に受けたインタビューにて、当時35歳だった広末は自身でも精神の不安定さがあったことを認め、20代は「遅く来た反抗期」「優等生イメージが本来の自分ではない気がした」などと語っている。

広末がキャンドル氏と結婚したのは’10年。彼女にとって2度目の結婚相手となるキャンドル氏について、当時公式サイトで次のように語っている。

《“恋愛感情”というより、静かな安らぎを感じさせてくれる彼の穏やかな人柄に惹かれ、また信念を持って真摯に活動に打ち込む姿勢と行動力に信頼感を抱きました》

最終的にはキャンドル氏とは離婚した広末。今の精神状態は――。"
エンタメ,"5中居氏、25年前の""中絶スキャンダル""が再燃　SNSに音声流出…判明した「女性アナ案件との""残忍な共通点""」ピンズバNEWS4/8(火)11:32",https://news.yahoo.co.jp/articles/b59a8a887820421f62b63a1f4162e287280d0df8,"中居正広氏（C）ピンズバNEWSフジテレビが設置した第三者委員会の報告書により、元タレント・中居正広氏（52）が元フジテレビの女性アナウンサーであるAさんに起こした性暴力騒動が公表され、波紋を広げている。■【画像】SNSに25年前の「中絶トラブル音声」が流出…2630万回閲覧された衝撃投稿中居氏が被害女性Aさんを自宅に招くまでの詳細な経緯や、Aさんが退職すると「ひと段落ついた感じかな」と懇意にしていたフジの編成幹部にメッセージを送るなど、女性の人権を軽視したような言動には批判が殺到。4月6日放送の読売テレビ『上沼・高田のクギズケ!』では、上沼恵美子（69）が「女性はモノやねんな」と激怒した。

　心無い中居氏の女性の扱いが明るみになるなか、「かつての中絶騒動も真実味が増してくる」というのは、週刊誌のベテラン芸能記者。中居氏は月刊誌『噂の真相』（株式会社噂の真相・2004年休刊）2000年12月号で、《国民的アイドルSMAPリーダー中居正広を襲った妊娠中絶劇の顛末独占衝撃告白》というスキャンダルを報じられているのだ。

「2000年前後といえば、SMAPは98年に『夜空ノムコウ』、00年に『らいおんハート』とミリオンセラーを連発。中居氏も97年、98年と2年連続でNHK紅白歌合戦の司会を務めるなどノリにノッていた頃です。旧ジャニーズ事務所がマスコミに対して絶大な権力をもっていた時代でもあります。

　まさに国民的ともいえるアイドルだった当時28歳の中居氏は、飲食店で知り合ったОLのNさん（当時24歳）と96年から断続的に男女の仲となり、その結果、Nさんは00年になり妊娠。しかしNさんがその事実を中居氏に報告したところ、Nさんの意向に反して出産は拒否され、中居氏の女性マネージャーも登場し、説得された挙げ句、中絶を選択させられた──というのが告発の概要です」（ベテラン芸能記者=以下同）

　そもそもこのスキャンダルはNさんの友人が、「他の雑誌では（ジャニーズ事務所の権力に）潰されるかもしれない」として、タブーがないことで有名だった『噂の真相』に告発を持ち込んだもの。同誌編集部は慎重に取材を進め、Nさんと中居氏が逢瀬を重ねたホテルや飲食店、中居氏の名前が記された人工妊娠中絶同意書など、数多の裏取りも取ったのだが、大手マスコミは総じてスルー。わずかに話題を取り上げたのは『週刊新潮』（新潮社）と『東京スポーツ』のみだった。

「内容が内容ですから、間違いがあってはいけない。『噂の真相』は中居氏のスケジュールや携帯電話番号まで照らし合わせるなど、入念な確認を進めたうえで報道していました。この記事の担当記者がのちに月刊誌に語っていたところによると、Nさんに録音機材を渡し、“中居氏との会話を録音してもらえないか”と依頼したんだそうです。

　数々の裏取り取材を尽くしたにもかかわらず、当時、旧ジャニーズ事務所を恐れるマスコミは知らぬ存ぜぬで取りあげずに“黙殺”。Nさんの発言は、“女性ファンの妄想”として片付けられました」"
